OverallRating,ReviewHeader,TypeOfTraveller,SeatType,DateFlown,SeatComfort,CabinStaffService,GroundService,Aircraft,Food&Beverages,Departure,Destination
2.4,"""do not upgrade members based on status""",Business,Economy Class,Nov,2.0,3.0,1.0,A320,1.0,Brussels,London
7.1,"""Flight was smooth and quick""",Couple Leisure,Business Class,Nov,3.0,3.0,4.0,A320,4.0,Heathrow,Dublin
0.6,"""Customer Service is non existent""",Couple Leisure,Economy Class,Nov,1.0,1.0,1.0,Boeing 747,1.0,London,Lisbon
1.8,"""I can't imagine a worst airline""",Solo Leisure,Economy Class,Sep,1.0,1.0,1.0,A320,1.0,Bucharest,Manchester
8.2,"""sufficient leg and arm room""",Couple Leisure,Premium Economy,Nov,5.0,5.0,4.0,Boeing 777-300,4.0,Manchester,Cape Town
7.4,crew were polite?,Solo Leisure,Economy Class,Nov,3.0,3.0,3.0,A320,3.0,Seville,London Gatwick 
1.1,"""Angry, disappointed, and unsatisfied""",Family Leisure,Economy Class,Nov,4.0,5.0,3.0,Boeing 777,4.0,Heathrow,Atlanta
2.5,"""BA now stands for Basic Airways""",Couple Leisure,Economy Class,Oct,3.0,3.0,3.0,Boeing 777-300,1.0,Gatwick,Antalya
5.8,"""reflect a downward trend of the airline""",Solo Leisure,Economy Class,Oct,3.0,1.0,3.0,A320,1.0,Heathrow,Gibraltar
7.3,"""One of my better flights""",Couple Leisure,Economy Class,Oct,4.0,5.0,5.0,Boeing 747-400,4.0,London,Philadelphia
6.5,"""I would still recommend BA"" ",Business,Economy Class,Oct,3.0,5.0,5.0,A321 Neo,3.0,Heathrow,Cairo
1.9,"""the worst experience ever""",Couple Leisure,Economy Class,Oct,2.0,3.0,1.0,Boeing 777-300 ER,3.0,Seattle,Heathrow
7.9,"""an exceptional crew member"" ",Couple Leisure,Economy Class,Oct,4.0,5.0,4.0,A320,3.0,Malta,Gatwick
4.3,"""in-flight service is usually weak""",Solo Leisure,Economy Class,Oct,3.0,2.0,2.0,A380-800,2.0,San Francisco,London
1.1,"""BA customer service is a disgrace""",Solo Leisure,Business Class,Oct,2.0,1.0,2.0,A321,1.0,Istanbul,London
0.3,"""little concern for customer service""",Couple Leisure,Economy Class,Oct,1.0,1.0,1.0,A380-800,1.0,London,Austin
0.7,"""gave up being a full-service airline""",Solo Leisure,Economy Class,Oct,1.0,2.0,1.0,A320,1.0,Geneva,Heathrow
5.7,"""2.5 hours before the bags finally arrived."" ",Couple Leisure,Business Class,Sep,4.0,5.0,1.0,A320,4.0,Porto,London
2.6,"""left on your own and nobody cares""",Solo Leisure,Economy Class,Oct,2.0,4.0,1.0,A320-232,1.0,Heathrow,Geneva
4.2,"""Club Europe is simply a joke""",Business,Business Class,Oct,3.0,4.0,3.0,A320,1.0,London,Istanbul
3.6,"""Very second rate shoddy airline""",Couple Leisure,Economy Class,Oct,3.0,3.0,2.0,A319,3.0,Gatwick,Punta Cana
0.3,"""some sort of medieval torture""",Solo Leisure,Business Class,Jul,1.0,5.0,5.0,A321,3.0,London,Hong Kong
1.9,"""Never again BA"" ",Couple Leisure,Economy Class,Oct,1.0,1.0,1.0,A320,1.0,Catania,Gatwick
0.8,"""Boarding flight took an hour"" ",Solo Leisure,Economy Class,Oct,3.0,1.0,1.0,A321,1.0,Berlin,London
1.6,"""our luggage was soaking wet""",Couple Leisure,Economy Class,Sep,3.0,3.0,1.0,Boeing 777-200,1.0,Atlanta,London
0.1,"""The worst airline I have ever flown""",Couple Leisure,Economy Class,Oct,1.0,1.0,1.0,Boeing 787,2.0,Singapore,Sydney
9.9,"""Excellent service levels""",Solo Leisure,First Class,Oct,5.0,5.0,5.0,Boeing 777,5.0,London,New York
1.1,"""British Airways was absolutely shocking""",Couple Leisure,Business Class,Aug,1.0,1.0,1.0,BA366,1.0,Heathrow,Marseille
2.6,"""service was mediocre at best""",Couple Leisure,Economy Class,Oct,2.0,3.0,2.0,A380,1.0,Chicago,Heathrow
2.0,"""BA standards continue to decline""",Business,Business Class,Sep,2.0,1.0,1.0,A320,2.0,Heathrow,Munich
1.1,"""won the race to the bottom"" ",Couple Leisure,Business Class,Sep,2.0,3.0,1.0,A320,2.0,Heathrow,Istanbul
3.0,"""Not a reliable airline""",Business,Economy Class,Oct,4.0,4.0,1.0,A320,2.0,London,Geneva
1.5,"""It is a national disgrace""",Couple Leisure,Business Class,Sep,1.0,1.0,1.0,A321 Neo,1.0,Athens,London
2.9,"""The worst journey in my life""",Business,Economy Class,Sep,3.0,3.0,1.0,A320-200,2.0,Milan,London
4.9,"""Very disappointed""",Couple Leisure,First Class,Sep,1.0,4.0,3.0,777-300,4.0,Dallas,Heathrow
1.8,"""the service was shockingly bad""",Business,Business Class,Sep,2.0,1.0,1.0,A321,1.0,London,Seville
1.1,"""Never again will I fly BA""",Couple Leisure,Economy Class,Sep,1.0,1.0,2.0,A380-800,1.0,Heathrow,Tokyo
1.6,"""never fly this awful airline again"" ",Solo Leisure,Business Class,Aug,1.0,3.0,1.0,Boeing 767,2.0,Miami,Heathrow
1.5,"""I'll never fly with them again""",Business,Business Class,Sep,1.0,3.0,1.0,Boeing 777,3.0,Prague,London
1.4,"""the worst of the worst""",Business,Economy Class,Sep,1.0,1.0,1.0,Boeing 747-400,1.0,London,Glasgow
1.3,"""everyone refused to help us"" ",Family Leisure,Economy Class,Aug,3.0,2.0,1.0,Boeing 747-400,3.0,San Diego,London
1.3,"""not a single feedback from British Airways""",Business,Premium Economy,Aug,2.0,2.0,1.0,A350,2.0,Hamburg,London
5.8,"""Club Europe doesn't feel very premium""",Couple Leisure,Business Class,Sep,3.0,4.0,4.0,A320,3.0,Heathrow,Porto
8.9,"""service on board was impeccable""",Couple Leisure,Business Class,Sep,3.0,5.0,2.0,Boeing 787,4.0,London,Santiago
1.0,"""The worst service ever""",Solo Leisure,Economy Class,Sep,3.0,1.0,3.0,Boeing 747-400,1.0,Kuwait,London
1.7,"""Cannot recommend""",Couple Leisure,Economy Class,Sep,1.0,3.0,1.0,A320,1.0,London,Munich
8.2,"""less than a premium experience""",Couple Leisure,Business Class,Aug,3.0,4.0,4.0,A321,3.0,London,Keflavik
8.0,"""good, but not spectacular""",Couple Leisure,Business Class,Aug,4.0,3.0,4.0,Boeing 777-200,3.0,Mumbai,London
1.4,"""Lies and misleading unprofessional service""",Business,Premium Economy,Sep,2.0,4.0,4.0,Boeing 787,3.0,Houston,Heathrow
0.9,"""avoid BA like the plague""",Solo Leisure,Business Class,Sep,1.0,1.0,3.0,A380,2.0,London,Miami
1.7,"""express our displeasure and concerns""",Couple Leisure,Premium Economy,Jul,3.0,1.0,1.0,Boeing 787,1.0,Chicago,London
1.0,"""they are the worst in Europe""",Solo Leisure,Business Class,Aug,1.0,1.0,1.0,A320,1.0,London,Malaga
1.8,"""appalling customer service""",Couple Leisure,Business Class,Aug,1.0,3.0,1.0,A320,1.0,Tenerife,Gatwick
2.3,"""standards are worse than ever"" ",Business,Business Class,Aug,2.0,2.0,1.0,A320,2.0,Heathrow,Malaga 
8.1,"""Nice flight, good crew, very good seat""",Couple Leisure,Business Class,Aug,4.0,5.0,5.0,Boeing 777-300,3.0,Heathrow,LAX
3.7,"""ravioli pasta had dried out""",Solo Leisure,Business Class,Jul,3.0,3.0,3.0,A320 Neo,1.0,Larnaca,Heathrow
7.8,"""Great customer service""",Family Leisure,Economy Class,Aug,4.0,5.0,1.0,A380,3.0,Washington DC,London
8.6,"""Cabin crew were all fantastic""",Family Leisure,Business Class,Aug,4.0,5.0,4.0,A380,5.0,London,Miami
1.8,"""service is extremely poor""",Family Leisure,Economy Class,Aug,1.0,1.0,1.0,Boeing 777-200,1.0,London,Algiers
9.7,"""superior to mainline British Airways""",Couple Leisure,Economy Class,Jul,4.0,4.0,5.0,Embraer 190,3.0,Edinburgh,London
0.3,"""They lost my baggage""",Business,Economy Class,Jul,3.0,5.0,1.0,A380,4.0,San Francisco,London
1.6,"""leaving two hours late"" ",Business,Economy Class,Aug,3.0,3.0,1.0,Embraer,1.0,Frankfurt,London
10.0,"""Couldn't recommend BA more""",Solo Leisure,Business Class,Jul,5.0,5.0,5.0,Boeing 777,5.0,London,Hong Kong
0.5,"""bumped off due to overselling""",Couple Leisure,Economy Class,Jul,3.0,3.0,1.0,A380,1.0,Gatwick,Montpelier
9.0,"""a very comfortable flight""",Couple Leisure,Business Class,Jul,4.0,5.0,4.0,Boeing 787-8,5.0,London,Mumbai
5.9,"""good onboard service""",Couple Leisure,Business Class,Jul,3.0,5.0,2.0,A320,4.0,Keflavik ,London
1.4,"""Check-in Desk rude and dismissive""",Family Leisure,Economy Class,Jul,2.0,3.0,1.0,A320-200,1.0,Rhodes,Gatwick
0.2,"""All in all, terrible""",Family Leisure,Economy Class,Jul,1.0,4.0,1.0,Boeing 777-200,1.0,Barcelona,London
3.3,"""pilot apologise at every step of the way""",Business,Economy Class,Jul,3.0,4.0,1.0,E190,3.0,Amsterdam,London
7.7,"""crew were always ready to top up drinks""",Couple Leisure,Business Class,Jun,3.0,5.0,5.0,A320,4.0,Dalaman,Gatwick 
1.5,"""The service is really mediocre""",Solo Leisure,Economy Class,Jun,2.0,2.0,3.0,Boeing 787,1.0,Seattle,Heathrow
3.0,"""made their economy experience so miserable""",Couple Leisure,Economy Class,Jun,1.0,1.0,1.0,A320,1.0,Gatwick,Dalaman 
8.4,"""another great experience""",Family Leisure,Business Class,Jun,4.0,5.0,4.0,A320,4.0,Newcastle,Heathrow
1.1,"""Not recommended"" ",Solo Leisure,Business Class,Jun,1.0,1.0,1.0,A380,1.0,London,Miami
2.5,"""5 hours and 30 mins but no meal""",Solo Leisure,Economy Class,Jul,3.0,1.0,4.0,A320 Neo,1.0,Amman,London
3.2,"""Things have really deteriorated""",Couple Leisure,Premium Economy,Jul,3.0,2.0,4.0,Boeing 777,1.0,Chennai,London
2.2,"""asked for an explanation but have received none""",Solo Leisure,Economy Class,Nov,2.0,5.0,1.0,Boeing 777,3.0,London,Edinburgh
4.9,"""short-changing passengers""",Family Leisure,Premium Economy,Jun,5.0,4.0,3.0,Boeing 777-200,4.0,Kingston,London
1.2,"""Economy is absolutely awful""",Couple Leisure,Economy Class,Jun,1.0,3.0,3.0,Boeing 777-200,1.0,Heathrow,Cape Town
2.8,"""no representative to help""",Business,Business Class,Jun,3.0,3.0,1.0,A380,3.0,Washington DC,London
3.0,"""Boarding was chaotic""",Couple Leisure,Economy Class,Jun,1.0,4.0,2.0,A321,1.0,Heathrow,Naples
9.8,"""In-line with competitors""",Solo Leisure,Economy Class,Jul,5.0,5.0,4.0,A320,3.0,Berlin,London
2.7,"""preferred to fly on easyJet""",Couple Leisure,Economy Class,Jun,1.0,1.0,2.0,A321 Neo,1.0,Cairo,London
0.1,"""stated it is not their fault""",Solo Leisure,Economy Class,May,3.0,3.0,1.0,Boeing 787-8,3.0,London,Madrid
0.1,"""The airline lost my luggage""",Solo Leisure,Economy Class,Jun,3.0,3.0,1.0,A380-800,3.0,New Orleans,London
2.0,"""no boarding drinks provided""",Solo Leisure,Business Class,Jun,1.0,1.0,1.0,A321 Neo,1.0,Heathrow,Bodrum
3.4,"""WiFi didn't work"" ",Solo Leisure,Economy Class,Jun,1.0,3.0,2.0,A321 Neo,1.0,Amman,London
6.5,"""stick with economy""",Family Leisure,Business Class,Jun,3.0,5.0,3.0,Embraer 190,3.0,London,Ibiza
1.6,"""Communication is terrible""",Couple Leisure,Economy Class,Jun,1.0,1.0,1.0,A321 Neo,1.0,London,Washington DC
0.6,"""delays and cancellations""",Business,Business Class,Jun,3.0,3.0,2.0,A350,3.0,Amsterdam,London
6.2,"""Economy class seating was truly dreadful""",Couple Leisure,Economy Class,Jun,1.0,4.0,3.0,Boeing 737,3.0,Heathrow,Kalamata
0.4,"""flight failed at every level""",Couple Leisure,Economy Class,Jun,4.0,4.0,1.0,Boeing 787-9,1.0,London,Funchal 
1.5,"""BA refuses to make it right""",Family Leisure,Economy Class,Jun,2.0,3.0,1.0,Boeing 787-9,3.0,Marseille,Heathrow
1.9,"""shame for such well known airline""",Solo Leisure,Business Class,Jun,1.0,3.0,1.0,A321 Neo,2.0,Cairo,London
1.2,"""Total garbage""",Solo Leisure,Economy Class,Jun,2.0,4.0,1.0,Boeing 767,3.0,Bucharest,London
2.7,"""arrived at the airport only 1 hour before""",Family Leisure,Economy Class,Jun,3.0,5.0,1.0,A320-200,4.0,Gatwick,Venice
0.1,"""uncomfy old planes""",Business,Business Class,Jun,1.0,1.0,1.0,Boeing 747,1.0,Tokyo,Heathrow
3.4,"""Most uncomfortable flight""",Family Leisure,Economy Class,May,1.0,2.0,4.0,Boeing 787,2.0,Santiago,London
1.5,"""I will never fly British Airways again""",Couple Leisure,Economy Class,Jun,4.0,4.0,1.0,Boeing 777-300,5.0,Seattle,London
3.2,"""All in all very disappointing""",Couple Leisure,Premium Economy,Mar,4.0,4.0,5.0,A320-200,1.0,Sydney,London Heathrow 
1.5,"""customer service was horrendous""",Business,Economy Class,May,2.0,4.0,2.0,Boeing 777,4.0,Seattle,Heathrow
1.3,"""All flights without exception were delayed""",Solo Leisure,Economy Class,Apr,4.0,5.0,5.0,Boeing 787-9,3.0,Athens,Heathrow
8.2,"""An excellent flight""",Solo Leisure,Business Class,May,5.0,5.0,4.0,A350,4.0,Vancouver,Heathrow
4.0,"""luggage was still in London"" ",Family Leisure,Economy Class,May,3.0,2.0,1.0,Boeing 787-8,2.0,Vancouver,London
1.4,"""worst experience in all my years of travel""",Family Leisure,Economy Class,Jun,1.0,1.0,1.0,Boeing 777-300,1.0,Boston,London
0.5,"""The worst experience""",Couple Leisure,Economy Class,May,1.0,1.0,1.0,Boeing 777,1.0,London,Santorini
2.4,"""haven't received any reimbursement""",Family Leisure,Economy Class,Feb,3.0,1.0,1.0,A320-200,1.0,Heathrow,Mumbai
0.0,"""the worst airline experience I've ever had to deal with""",Solo Leisure,Economy Class,May,1.0,1.0,1.0,Boeing 777-200ER,1.0,Las Vegas,Venice
9.7,"""Service was good""",Family Leisure,Premium Economy,May,4.0,4.0,4.0,Boeing 777-300,3.0,London,New York
0.5,"""cancel your flight without notice""",Couple Leisure,Premium Economy,May,1.0,1.0,1.0,Boeing 747,1.0,Dallas,London
9.7,"""Cheap, quick and efficient""",Solo Leisure,Economy Class,May,5.0,5.0,5.0,A320,5.0,London,Glasgow
2.0,"""the worst major European airline"" ",Business,Business Class,May,2.0,2.0,1.0,A320 Finnair,3.0,Heathrow,Malaga 
5.0,"""do not think the fare was worth the money""",Couple Leisure,Business Class,May,2.0,3.0,4.0,A319,3.0,London,Nice
1.7,"""BA is on the skids downhill""",Solo Leisure,Business Class,Sep,3.0,1.0,2.0,A321 Neo,1.0,London,San Francisco
0.7,"""Absolutely terrible experience""",Solo Leisure,Economy Class,Apr,1.0,1.0,1.0,Boeing 777,3.0,London,Dallas
1.1,"""poor service and unhappy customers""",Business,Economy Class,May,4.0,3.0,1.0,A320-200,1.0,London,Madrid
1.2,"""just won't use them again""",Solo Leisure,Economy Class,May,1.0,3.0,1.0,Boeing 787-8,3.0,London,Belfast
2.7,"""Another bad show""",Couple Leisure,Business Class,May,5.0,5.0,1.0,A380,4.0,Los Angeles,London
2.2,"""what an earth is going on at BA""",Couple Leisure,Business Class,Apr,4.0,3.0,1.0,A380,1.0,Atlanta,London
0.9,"""most appalling airline service""",Solo Leisure,Business Class,May,1.0,1.0,1.0,Boeing 787-9,1.0,Sydney,Singapore
0.9,"""Customer service is shocking""",Solo Leisure,Business Class,May,1.0,1.0,1.0,A380,1.0,Heathrow,Faro
2.2,"""a lot of actual lies being told""",Business,Economy Class,Apr,4.0,3.0,1.0,Boeing 787-8,3.0,New York,London
4.7,"""premium price for very average service""",Couple Leisure,Business Class,Apr,4.0,2.0,3.0,Boeing 787,1.0,Singapore,London
0.2,"""lack of customer service""",Couple Leisure,Economy Class,Jan,3.0,3.0,3.0,Boeing 767,3.0,Sweden,London
2.8,"""Overall not a good airline""",Couple Leisure,Premium Economy,Apr,3.0,2.0,3.0,Boeing 777,1.0,Seattle,London
0.7,"""delayed and missed connecting flight""",Family Leisure,Premium Economy,Apr,2.0,1.0,1.0,Boeing 777,2.0,Bangalore,London
0.1,"""!not a good experience""",Family Leisure,Economy Class,Feb,2.0,1.0,1.0,Dreamliner,1.0,London,Denver
10.0,""" A very pleasant experience""",Solo Leisure,Premium Economy,Apr,4.0,5.0,4.0,A350,4.0,London,Hong Kong
1.3,"""It was a nightmare""",Couple Leisure,Economy Class,Apr,1.0,4.0,1.0,Boeing 747,1.0,Brussels,Heathrow
4.9,"""Abysmal service""",Couple Leisure,Economy Class,Apr,1.0,4.0,2.0,Boeing 777-200ER,2.0,Copenhagen,London
0.7,"""trained to give you the runaround""",Family Leisure,Economy Class,Mar,2.0,5.0,4.0,A380-800,2.0,London,Denver
2.6,"""they only had one choice of meal""",Solo Leisure,Economy Class,Apr,2.0,1.0,2.0,A319,1.0,Hong Kong,London
3.4,"""relentless BA cost cutting""",Business,Business Class,Apr,3.0,3.0,3.0,A320,4.0,Heathrow,Malaga
0.0,"""Absolutely horrible experience""",Solo Leisure,Economy Class,Jan,3.0,3.0,1.0,A321 Neo,2.0,Madrid,London
0.0,"""This is the worst airline""",Business,Economy Class,Apr,1.0,1.0,1.0,Boeing 787-8,1.0,Dublin,London
2.8,"""never fly British Airways again""",Couple Leisure,Business Class,Mar,1.0,2.0,2.0,Boeing 777-200,2.0,London,Venice
1.3,"""seats were cramped and uncomfortable""",Couple Leisure,Economy Class,Apr,1.0,1.0,4.0,A350,1.0,Las Vegas,London
9.5,"""I enjoyed my flight""",Solo Leisure,Business Class,Apr,5.0,5.0,3.0,A320,5.0,Faro,Heathrow
4.3,"""found the food menu rather odd""",Couple Leisure,Business Class,Apr,4.0,3.0,2.0,Boeing 777,2.0,London,Atlanta
1.4,"""cover 50% of my new luggage""",Couple Leisure,Economy Class,Apr,1.0,4.0,1.0,A319,1.0,London,Copenhagen
1.4,"""the worst flight of my life""",Couple Leisure,Economy Class,Apr,3.0,1.0,1.0,Boeing 777-200,2.0,London,Malta
6.9,"""flight was pleasant enough""",Couple Leisure,Economy Class,Apr,4.0,4.0,4.0,A319,3.0,Belfast,London
3.0,"""downright rude and abusive""",Business,Premium Economy,Apr,2.0,2.0,4.0,Boeing 787,3.0,London,Hong Kong
1.8,"""disappointing staff""",Family Leisure,Economy Class,Apr,4.0,1.0,1.0,A320,5.0,Mumbai,London
2.5,"""crew could not give a damn""",Business,Business Class,Apr,3.0,2.0,3.0,Boeing 777,2.0,London,New York
9.1,"""a very solid experience""",Solo Leisure,Economy Class,Mar,4.0,5.0,4.0,Boeing 777-200,3.0,Mumbai,London
10.0,"""Service was impeccable"" ",Couple Leisure,Business Class,Mar,4.0,5.0,4.0,Boeing 787,5.0,Mexico City,London
1.3,"""Very poor service, very frustrating""",Business,Economy Class,Mar,3.0,3.0,3.0,Boeing 787,3.0,Barcelona,London
0.9,"""changed our prepaid seats""",Couple Leisure,Economy Class,Mar,1.0,1.0,1.0,A321 Neo,1.0,Marrakech,Heathrow
1.6,"""airline is going downhill rapidly""",Couple Leisure,Economy Class,Mar,1.0,3.0,1.0,A350,1.0,Heathrow,Marrakech
1.7,"""Every flight was delayed""",Couple Leisure,Economy Class,Mar,3.0,1.0,1.0,Boeing 747,3.0,Miami,London
3.2,"""how far the quality level has slid""",Business,Economy Class,Mar,1.0,1.0,2.0,A380-800,1.0,New York,London
1.8,"""worst cabin experience ever""",Couple Leisure,Economy Class,Mar,1.0,4.0,4.0,A321 Neo,1.0,Cairo,London
7.0,"""Very impressive and efficient""",Solo Leisure,Premium Economy,Mar,4.0,4.0,3.0,Boeing 777,2.0,Mumbai,London
2.6,"""We are done with BA""",Couple Leisure,First Class,Mar,4.0,5.0,1.0,A380,4.0,Johannesburg,London
0.3,"""A catalogue of failures""",Couple Leisure,Economy Class,Mar,3.0,3.0,1.0,Boeing 777-200,3.0,Heathrow,Belfast
6.3,"""it's by no measure good""",Couple Leisure,Economy Class,Mar,1.0,3.0,5.0,A320,2.0,Gatwick,Dubrovnik
1.2,"""Avoid unless you have no other option""",Business,Economy Class,Mar,2.0,1.0,1.0,Boeing 747-400,1.0,Heathrow,Amsterdam
1.6,"""pathetically inefficient""",Solo Leisure,Economy Class,Mar,3.0,2.0,1.0,A320,1.0,Zagreb,Heathrow
2.5,"""fallen far behind their competitors""",Couple Leisure,Premium Economy,Mar,1.0,2.0,3.0,A321 Neo,2.0,New York,Heathrow
0.7,"""one of the worst experiences""",Solo Leisure,Economy Class,Dec,1.0,1.0,1.0,Boeing 767,1.0,Dublin,Heathrow
0.2,"""a horror show of incompetence""",Family Leisure,Economy Class,Mar,1.0,1.0,1.0,A380-800,1.0,Heathrow,Munich
1.0,"""My baggage never arrived""",Business,Business Class,Dec,4.0,4.0,1.0,Boeing 777-200ER,4.0,London,Dubai
1.5,"""Total disruption, wasted time""",Solo Leisure,Economy Class,Mar,2.0,3.0,1.0,A320,3.0,Geneva,London
0.8,"""I detest British Airways""",Business,Economy Class,Mar,1.0,1.0,1.0,A320,1.0,Heathrow,Glasgow
8.6,"""Clean aircraft, good crew, professional""",Business,Economy Class,Mar,5.0,5.0,5.0,A321,2.0,Heathrow,Arlanda Stockholm
1.6,"""had better treatment from Ryanair""",Solo Leisure,Economy Class,Mar,1.0,2.0,3.0,Boeing 787,1.0,London,Los Angeles
10.0,"""Would happily fly them again""",Solo Leisure,Economy Class,Mar,5.0,5.0,5.0,Boeing 777,5.0,New York,London
3.4,"""one drink service on 10 hour flight""",Couple Leisure,Premium Economy,Mar,3.0,2.0,2.0,A350,1.0,Heathrow,Las Vegas
0.2,"""squashed into regular seats""",Business,Business Class,Jan,1.0,2.0,3.0,A321 Neo,1.0,London,Cairo
7.9,"""nice and professional crew""",Solo Leisure,Economy Class,Feb,3.0,5.0,5.0,Boeing 787,5.0,London,Singapore 
5.6,"""acceptable experience, nothing more""",Business,Business Class,Feb,2.0,3.0,4.0,A380,2.0,London,Dubai
6.8,"""FA's were very friendly""",Business,Business Class,Feb,2.0,4.0,4.0,A320,4.0,Brussels,London
1.2,"""original flight was cancelled""",Family Leisure,Economy Class,Feb,1.0,4.0,1.0,Boeing 777,1.0,Lyon,London
0.8,"""no better than a low cost airline""",Family Leisure,Economy Class,Feb,1.0,4.0,1.0,Boeing 777-200ER,1.0,London,Lyon
4.6,"""they could not serve hot drinks""",Couple Leisure,Economy Class,Feb,2.0,2.0,5.0,A320,1.0,Faro,Gatwick 
4.3,"""got virtually free tickets""",Family Leisure,Economy Class,Feb,3.0,3.0,2.0,A320,1.0,Oslo,London
1.3,"""found the attitude appalling"" ",Solo Leisure,Economy Class,Feb,2.0,1.0,1.0,A320,1.0,London,Madrid
7.5,"""crew were really nice""",Couple Leisure,Economy Class,Feb,4.0,5.0,4.0,Boeing 767,2.0,Islamabad,London
9.6,"""Overall, very happy with BA""",Couple Leisure,Business Class,Feb,5.0,5.0,5.0,Boeing 787-9,4.0,Mexico City,London
10.0,"""the best airline I've flown with""",Solo Leisure,Economy Class,Jan,5.0,5.0,5.0,A320,5.0,Palma,Gatwick
10.0,"""so determined to help""",Family Leisure,Economy Class,Feb,5.0,5.0,5.0,A319,5.0,London,Madrid
10.0,"""crew are a credit to BA""",Business,Economy Class,Jan,5.0,5.0,5.0,A320,4.0,Heathrow,Glasgow
1.4,"""catalogue of errors and inconveniences""",Couple Leisure,Premium Economy,Jan,3.0,1.0,4.0,Boeing 787-9,1.0,London,Buenos Aires
3.1,"""the food was poor""",Solo Leisure,Premium Economy,Jan,4.0,4.0,4.0,Boeing 777-300,1.0,London,Vancouver
8.7,"""Excellent service""",Solo Leisure,First Class,Jan,4.0,5.0,5.0,A380,4.0,Heathrow,Johannesburg
8.4,"""Sound dinner service""",Couple Leisure,Business Class,Jan,4.0,5.0,4.0,Boeing 777-200,5.0,Cape Town,London
9.1,"""A really excellent journey""",Couple Leisure,Business Class,Jan,5.0,5.0,5.0,Boeing 777-300 ER,5.0,London,Male
1.9,"""flight was one of the worst""",Solo Leisure,Business Class,Dec,3.0,2.0,1.0,A380,1.0,London,Vienna
3.9,"""there is a race to the bottom""",Couple Leisure,Economy Class,Jan,2.0,2.0,1.0,Boeing 777-300 ER,2.0,Johannesburg,London
8.4,"""very friendly cabin crew""",Family Leisure,Economy Class,Dec,4.0,5.0,4.0,Boeing 787-8,4.0,London,Tel Aviv
8.0,"""a good drinks and food service""",Couple Leisure,Business Class,Jan,3.0,5.0,4.0,Boeing 777-200,5.0,Heathrow,Cape Town
2.9,"""I find BA incredibly tacky""",Solo Leisure,Premium Economy,Apr,3.0,4.0,3.0,A320-200,1.0,Heathrow,Athens Greece 
3.5,"""This flight was so disappointing""",Family Leisure,Economy Class,Jan,1.0,1.0,1.0,Boeing 777-200,1.0,Atlanta,London
5.6,"""just an average airline""",Family Leisure,Economy Class,Dec,3.0,2.0,3.0,A380,3.0,London,Chicago
0.3,"""Luggage is delayed"" ",Family Leisure,Economy Class,Jan,1.0,5.0,1.0,Boeing 787-8,1.0,Istanbul,Heathrow
0.6,"""the worst business class experience I've ever had""",Family Leisure,Business Class,Jan,1.0,2.0,1.0,A320,1.0,Vienna,Heathrow
1.7,"""not recommended for business class""",Business,Business Class,Jan,2.0,5.0,2.0,Boeing 787-9,2.0,London,San francisco
8.2,"""surprisingly a good product""",Business,Economy Class,Jan,4.0,5.0,5.0,A321,3.0,London,Belfast
5.9,"""Maybe the old charm will return soon""",Business,Economy Class,Dec,5.0,3.0,5.0,A380,1.0,Doha,London
3.7,"""having to pay to reserve a specific seat""",Couple Leisure,Business Class,Dec,3.0,4.0,4.0,Boeing 777,4.0,London,Barbados
4.4,"""Upgrade was worth it""",Solo Leisure,Premium Economy,Dec,3.0,4.0,2.0,Boeing 777,4.0,Gatwick,Cape Town
3.9,"""Disappointing meal""",Solo Leisure,Business Class,Dec,4.0,3.0,1.0,A350,2.0,Cape Town,London
8.9,"""Flight perfectly on time""",Couple Leisure,Economy Class,Dec,3.0,3.0,4.0,A320,2.0,Marseille,London
2.4,"""treat your customers like idiots""",Couple Leisure,First Class,Dec,2.0,2.0,3.0,Boeing 777-300,1.0,London,Male
0.7,"""have to use other airlines now""",Business,Business Class,Oct,3.0,4.0,1.0,Boeing 767,3.0,Heathrow,Frankfurt
2.3,"""my suitcase didn't arrive with me""",Solo Leisure,Economy Class,Dec,2.0,2.0,1.0,Boeing 767,2.0,Heathrow,Doha
2.2,"""Cabin crew - Treated passengers as an inconvenience""",Couple Leisure,Premium Economy,Nov,4.0,1.0,1.0,Boeing 777-300,1.0,Gatwick,Cancun
5.7,"""luggage was finally delivered on Thursday""",Solo Leisure,Premium Economy,Dec,3.0,5.0,1.0,Boeing 787-9,4.0,London,Phoenix
6.2,"""improvements needed with their ground staff2",Business,Business Class,Dec,4.0,4.0,1.0,A321,5.0,London,Rome
1.1,"""appallingly uncomfortable flights""",Couple Leisure,Business Class,Dec,1.0,1.0,1.0,Boeing 777,1.0,Barbados,Heathrow
8.1,"""Cabin crew very good""",Solo Leisure,Economy Class,Nov,2.0,5.0,3.0,Boeing 777-200,4.0,Doha, Gatwick
2.9,"""late and delayed""",Business,Business Class,Dec,5.0,5.0,5.0,A320,3.0,Glasgow,London
6.5,"""learned my lesson about late BA upgrades""",Couple Leisure,Premium Economy,Dec,3.0,4.0,3.0,Boeing 777,3.0,London,Boston
3.0,"""No curtain between business and economy class""",Solo Leisure,Business Class,Nov,2.0,1.0,2.0,A320,1.0,London,Prague
2.7,"""couldn't even order any food / drink""",Family Leisure,Economy Class,Dec,3.0,2.0,3.0,A350,1.0,Cairo,London
1.1,"""My bag never showed up""",Business,Economy Class,Dec,1.0,1.0,1.0,Boeing 787-9,1.0,Denver,London
8.2,"""eventually make good on their promise""",Solo Leisure,Business Class,Jun,3.0,5.0,4.0,A320,5.0,London,Marrakech
1.3,"""Extremely sub-par service""",Solo Leisure,Economy Class,Nov,2.0,1.0,3.0,A380,2.0,San Francisco,London
6.8,"""the service was excellent""",Solo Leisure,Business Class,Nov,3.0,4.0,3.0,A320,4.0,London,Lisbon
6.3,"""I thoroughly enjoyed my flight""",Solo Leisure,Economy Class,Jan,4.0,4.0,4.0,Boeing 787,4.0,Montreal,Heathrow
1.8,"""wouldn't let me check-in until 24 hours before""",Solo Leisure,Economy Class,Nov,2.0,3.0,1.0,A350,3.0,Miami,London
4.0,"""Will honestly never fly them again if I can help it""",Solo Leisure,Premium Economy,Nov,3.0,2.0,4.0,Boeing 767,1.0,Amman Jordan,London
0.8,"""Very unprofessional for a renowned airline like BA""",Solo Leisure,Economy Class,Aug,1.0,1.0,1.0,Boeing 787-9,1.0,Dusseldorf,Los Angeles
1.7,"""lounge was overcrowded and worn out""",Solo Leisure,Business Class,Nov,4.0,2.0,1.0,Boeing 777,1.0,London,Cape Town
0.6,"""very uncomfortable trip""",Solo Leisure,Economy Class,Nov,2.0,5.0,2.0,Boeing 787-9,2.0,Milan,London
5.6,"""rate this just as a mediocre journey""",Solo Leisure,Economy Class,Nov,1.0,3.0,2.0,Boeing 787-8,3.0,Baltimore,Heathrow
1.8,"""baggage yet to be delivered after 5 weeks""",Couple Leisure,Business Class,Oct,3.0,3.0,1.0,Boeing 747-400,3.0,Dubai,London
5.3,"""under whelmed by the experience""",Solo Leisure,Economy Class,Oct,2.0,1.0,3.0,A320,1.0,Heathrow,Gibraltar
1.6,"""about as abysmal as you can get""",Solo Leisure,Business Class,Oct,3.0,1.0,1.0,Boeing 777,1.0,Heathrow,Nairobi
9.8,"""has returned to full service""",Solo Leisure,Business Class,Oct,5.0,4.0,3.0,A350-1000,5.0,London,Los Angeles
10.0,"""this flight was quite good""",Solo Leisure,Business Class,Oct,3.0,5.0,4.0,A320,5.0,Copenhagen,Heathrow
3.4,"""no attempt to provide fresh or hot foo""",Family Leisure,Economy Class,Oct,1.0,2.0,2.0,A320,1.0,Larnaca,London
10.0,"""A very positive experience""",Couple Leisure,Business Class,Oct,5.0,4.0,5.0,Boeing 787-10,4.0,Atlanta,London
1.1,"""Baggage took 3/4 hour to be delivered""",Solo Leisure,Business Class,Sep,3.0,1.0,3.0,A380,1.0,Madrid,London
8.7,"""cabin crew were very pleasant and helpful""",Solo Leisure,Economy Class,Oct,3.0,5.0,2.0,A380,5.0,London,Washington DC
1.0,"""Very rude and unhelpful staff""",Couple Leisure,Economy Class,Oct,1.0,1.0,1.0,A380,3.0,London,San Francisco
3.5,"""cabin crew were very helping""",Solo Leisure,Economy Class,Oct,2.0,2.0,4.0,A320,1.0,London,Delhi
7.7,"""All in all BA was just fine""",Couple Leisure,Economy Class,Oct,3.0,4.0,4.0,Boeing 777-300,3.0,London,Los Angeles
7.7,"""recommend BA's new Club Class""",Couple Leisure,Business Class,Oct,5.0,5.0,4.0,Boeing 777,3.0,Miami,Heathrow
8.2,"""Would recommend""",Solo Leisure,Business Class,Oct,4.0,4.0,4.0,A380,4.0,Dubai,London
1.5,"""hit the  call button, no response for an hour""",Couple Leisure,Economy Class,Oct,1.0,1.0,4.0,A320 Neo,1.0,London,Cairo
9.4,"""She was attentive, warm, friendly""",Solo Leisure,Business Class,Oct,5.0,5.0,5.0,Boeing 777,5.0,Orlando,Gatwick
2.3,"""cramped single aisle aircraft""",Business,Economy Class,Oct,2.0,4.0,3.0,A321 Neo,1.0,London,Cairo
5.3,"""it was an OK experience""",Couple Leisure,Economy Class,Sep,2.0,4.0,4.0,A380,2.0,Dallas,London
6.5,"""wait for cases at Heathrow T5""",Couple Leisure,Business Class,Sep,4.0,4.0,3.0,A319,4.0,Jersey,Heathrow
8.7,"""cabin crew are usually exceptional""",Couple Leisure,Business Class,Sep,4.0,5.0,3.0,A320,4.0,Heathrow,Jersey
2.8,"""I still found it underwhelming""",Solo Leisure,Business Class,Sep,1.0,3.0,3.0,A320-200,2.0,Istanbul,Heathrow
9.3,"""At least the food tasted good""",Solo Leisure,Business Class,Sep,5.0,4.0,5.0,Boeing 777-200,4.0,Heathrow,New York
9.5,"""Couldn't fault anything"" ",Solo Leisure,Premium Economy,Sep,5.0,5.0,5.0,Boeing 747-400,5.0,Heathrow,Mexico City
9.6,"""personnel was just magnificent""",Solo Leisure,Economy Class,Sep,5.0,5.0,5.0,Boeing 747,5.0,London,Tampa
4.0,"""Should be more snacks on board""",Solo Leisure,Economy Class,Sep,1.0,3.0,4.0,A321,2.0,Sydney,Singapore
5.2,"""Crew were friendly""",Couple Leisure,Economy Class,Sep,4.0,5.0,3.0,A320,1.0,London,Lisbon
1.6,"""very short leg space""",Business,Business Class,Sep,1.0,1.0,1.0,Boeing 767,1.0,London,Istanbul
2.5,"""staff were no help and frankly rude""",Couple Leisure,Economy Class,Sep,4.0,1.0,1.0,A320-200,2.0,London,Manchester
1.0,"""Flight was cancelled at the last minute""",Family Leisure,Economy Class,Aug,4.0,4.0,1.0,Boeing 777,3.0,London,Rome
7.3,"""I have to write a positive review""",Couple Leisure,Business Class,Sep,3.0,5.0,4.0,Boeing 777,5.0,Gatwick,Malaga
4.1,"""I will not be flying BA again""",Couple Leisure,Economy Class,Aug,3.0,2.0,4.0,Boeing 787-8,1.0,Manchester,London
0.3,"""not been recompensed for our expenses""",Couple Leisure,Premium Economy,Apr,2.0,1.0,1.0,A380,2.0,San Francisco,London
10.0,"""she went above and beyond""",Couple Leisure,Economy Class,Aug,3.0,5.0,2.0,Boeing 777-300 ER,4.0,Berlin,London
9.4,"""Hard working crew""",Couple Leisure,Economy Class,Aug,5.0,5.0,3.0,Boeing 787,5.0,Tel Aviv,London
1.4,"""Philippines Airlines require a 24 hr negative covid test""",Solo Leisure,Business Class,Jun,1.0,1.0,1.0,Boeing 747-400,1.0,London,Singapore
1.7,"""not worth the risk of travelling with BA""",Solo Leisure,Economy Class,Jun,1.0,2.0,1.0,A321 Neo,1.0,London,Barcelona
1.9,"""cancelled my return flight""",Business,Business Class,Jun,2.0,2.0,1.0,Boeing 777-300,1.0,Los Angeles,London
10.0,"""staff were so friendly"" ",Couple Leisure,Economy Class,Aug,5.0,5.0,5.0,A319,5.0,Boston,London
9.3,"""amazing at her job""",Couple Leisure,Economy Class,Jul,5.0,5.0,5.0,Boeing 787-8,5.0,London,New York
1.0,"""no food available for the 4 year old""",Family Leisure,Economy Class,Aug,2.0,1.0,4.0,Boeing 777,1.0,Cape Town,Heathrow
8.0,"""We had a nice flight""",Couple Leisure,Premium Economy,May,3.0,5.0,4.0,A380-800,5.0,Dallas,London
0.2,"""2 suitcases lost in 2 flights""",Family Leisure,Economy Class,Jul,1.0,1.0,1.0,Boeing 777-200ER,1.0,London,Amsterdam
0.5,"""Some things just do not change at BA""",Solo Leisure,Business Class,Jun,1.0,1.0,1.0,A320,1.0,London,Marrakesh
2.4,"""has taken a nosedive in my opinion""",Solo Leisure,Economy Class,Jul,3.0,5.0,3.0,Boeing 787-9,3.0,Nairobi,London
8.7,"""A good flight overall""",Family Leisure,Business Class,Jul,4.0,5.0,4.0,A380,4.0,San Francisco,London
1.5,"""get us on a flight 5 days later""",Family Leisure,Economy Class,Jul,2.0,2.0,1.0,A319,2.0,Edinburgh,London
1.4,"""refund process is non responsive""",Couple Leisure,Economy Class,Jun,5.0,5.0,1.0,Boeing 787-8,5.0,Vancouver,London
4.2,"""Seat was very uncomfortable""",Couple Leisure,Economy Class,Jul,1.0,2.0,3.0,A350-1000,3.0,Sao Paulo,Heathrow 
4.5,"""let down by chaotic check-in and boarding""",Couple Leisure,Economy Class,May,3.0,4.0,1.0,A321,1.0,London,Reykjavik
7.4,"""Crew were attentive and charming""",Business,Economy Class,Jul,4.0,5.0,2.0,A321,2.0,Belfast,London
10.0,"""wonderful BA representative""",Couple Leisure,Business Class,Jul,5.0,5.0,5.0,Boeing 787-8,5.0,London,Toronto
8.4,"""Overall a good flight""",Family Leisure,Business Class,Jul,4.0,4.0,5.0,A350,4.0,London,Los Angeles
1.3,"""lack of practical assistance""",Solo Leisure,Premium Economy,Jul,1.0,1.0,1.0,Boeing 787-8,1.0,Nairobi,London
0.4,"""they have no idea where our bags are""",Couple Leisure,Business Class,Jul,4.0,4.0,1.0,Embraer 190,3.0,Dublin,London
4.3,"""Limited TV and movie selections""",Solo Leisure,Premium Economy,Jul,3.0,3.0,1.0,A320,3.0,Venice,Heathrow
5.0,"""cabin crew seemed to really struggle with service""",Couple Leisure,Economy Class,Jun,1.0,3.0,2.0,A350,3.0,Heathrow,Johannesburg
2.0,"""Really not fair to just take our money!""",Couple Leisure,Economy Class,Jul,1.0,1.0,1.0,Boeing 747-400,1.0,London,Paris
1.6,"""Trying to call BA was a nightmare""",Business,Business Class,Jun,3.0,4.0,3.0,Boeing 777-300 ER,4.0,Miami,Paris
1.1,"""flight was delayed over 6 hours""",Family Leisure,Economy Class,Jun,2.0,2.0,1.0,Boeing 777-200ER,1.0,Edmonton,Cairo
1.6,"""No respect with the customer!""",Couple Leisure,Premium Economy,Jun,2.0,2.0,2.0,Boeing 767,2.0,Amsterdam,London
0.0,"""think twice to take BA in the future""",Family Leisure,Economy Class,Jun,3.0,1.0,1.0,A380,2.0,Belfast,London
5.0,"""I guess BA has selected the lowest budget option""",Business,Economy Class,Jun,1.0,4.0,3.0,A350,1.0,London,Johannesburg
1.6,"""Good old times of being a glamour flying BA has far gone""",Couple Leisure,Economy Class,Jun,1.0,4.0,2.0,A320,1.0,Paris,Heathrow
3.7,"""food choice and quality was poor""",Couple Leisure,Business Class,Jun,2.0,4.0,4.0,Boeing 767,2.0,Portland,London
4.2,"""BA standards continue to slip""",Business,Business Class,Jun,3.0,2.0,2.0,A320,2.0,London,Malaga
0.3,"""Right now do not use British Airways""",Couple Leisure,Economy Class,Jun,1.0,4.0,1.0,Boeing 777-200ER,4.0,Boston,Heathrow
4.4,"""a fairly disappointing experience""",Solo Leisure,Economy Class,Jun,1.0,2.0,2.0,A380,1.0,Vancouver,London
7.3,"""Club Suite seats a huge improvement""",Couple Leisure,Business Class,Jun,4.0,4.0,2.0,Boeing 777-200,3.0,London,san Francisco
5.5,"""BA are putting the 'economy' back in premium economy""",Couple Leisure,Premium Economy,Jun,4.0,3.0,3.0,Boeing 777,2.0,Cancun,Gatwick
4.5,"""no information where my luggage is""",Couple Leisure,Economy Class,Jun,2.0,2.0,1.0,A321 Neo,3.0,Phoenix,London
1.2,"""This airline is a complete disaster""",Family Leisure,Business Class,Jun,1.0,1.0,1.0,Boeing 767,1.0,Dallas,London
10.0,"""the nicest crew I've ever had""",Couple Leisure,Business Class,Jun,5.0,5.0,5.0,A320,5.0,London,Thira
9.1,"""she went above and beyond""",Family Leisure,Economy Class,Apr,5.0,5.0,5.0,Boeing 777,5.0,Islamabad,Gatwick
10.0,"""crew made the flight outstanding""",Solo Leisure,Business Class,Jun,4.0,5.0,2.0,A380,3.0,Vancouver,London
9.5,"""Overall it was a great flight""",Business,Economy Class,May,4.0,5.0,5.0,Boeing 777-300 ER,5.0,London,Boston
8.8,"""provide a hassle free flight to my son""",Solo Leisure,Economy Class,May,4.0,4.0,4.0,A321,4.0,Johannesburg,London
8.9,"""Crew were good but lacked the personal touch""",Couple Leisure,Business Class,Apr,4.0,4.0,3.0,Boeing 777,3.0,Johannesburg,Heathrow
1.7,"""do not recommend this airline""",Couple Leisure,Business Class,May,4.0,3.0,1.0,Boeing 777,3.0,Miami,London
1.1,"""I will never use them again""",Family Leisure,Economy Class,May,1.0,5.0,3.0,Boeing 777-300,1.0,Bridgetown,London
1.7,"""economy style with an unsold middle seat""",Couple Leisure,Business Class,May,2.0,2.0,4.0,Boeing 777-300 ER,1.0,Dubrovnik,London
0.3,"""Amsterdam is the worst airport I have experienced""",Couple Leisure,Economy Class,May,2.0,1.0,1.0,Boeing 777-200ER,1.0,Amsterdam,London
2.0,"""one excuse after another with BA these days""",Solo Leisure,Economy Class,May,3.0,2.0,1.0,A320,1.0,Heathrow,Malaga
2.1,"""Cancelled connection flight""",Solo Leisure,Economy Class,May,1.0,2.0,1.0,Boeing 777-200,2.0,Basel,London
4.4,"""no cabin divider in the aircraft""",Couple Leisure,Business Class,May,2.0,4.0,3.0,A320,3.0,Athens,London
7.9,"""worth the extra money for Premium Economy""",Solo Leisure,Premium Economy,Apr,5.0,4.0,4.0,Boeing 787,4.0,London,Mexico City
0.2,"""decline in customer service""",Business,Economy Class,May,3.0,4.0,1.0,Boeing 777,4.0,Glasgow,New York
10.0,"""Staff very friendly and professional""",Solo Leisure,Premium Economy,May,5.0,5.0,5.0,Boeing 777,5.0,Dubai,London
1.0,"""discrepancy with the baggage allowance""",Solo Leisure,Economy Class,Apr,2.0,1.0,1.0,Boeing 777,2.0,London,Cape Town
10.0,"""thank you for the great service""",Solo Leisure,Economy Class,Apr,5.0,5.0,5.0,A380,5.0,Sao Paulo,London
8.4,"""food was first class, nothing was too much for the staff""",Family Leisure,Business Class,Apr,3.0,5.0,5.0,A321 Neo,5.0,Madrid,Heathrow
9.1,"""Overall a very pleasant trip""",Couple Leisure,Business Class,Apr,4.0,5.0,5.0,A320,5.0,Dubrovnik,Heathrow
0.6,"""have lost all patience with this airline""",Business,Business Class,Apr,1.0,2.0,3.0,Boeing 777,1.0,London,Aberdeen
0.7,"""BA have no intention of resolving this""",Solo Leisure,Business Class,Mar,1.0,1.0,1.0,A320,1.0,Pisa,Heathrow
0.2,"""absolutely shocking service""",Couple Leisure,Economy Class,Apr,1.0,1.0,1.0,Boeing 737 800,1.0,Johannesburg,Durban
1.4,"""was a really bad experience""",Couple Leisure,Economy Class,Apr,3.0,3.0,1.0,A320,1.0,Gothenburg,London
9.7,"""lots of space and privacy, very good seat""",Solo Leisure,Business Class,Mar,5.0,5.0,3.0,Boeing 787,5.0,Chicago,London
1.4,"""been an appalling experience""",Couple Leisure,Economy Class,Apr,2.0,3.0,1.0,Boeing 747-400,2.0,Riyadh,London
7.1,"""The service was very good""",Family Leisure,Economy Class,Apr,4.0,5.0,4.0,A380,4.0,Glasgow,London
3.9,"""BA is becoming more and more shambolic""",Business,Business Class,Apr,2.0,4.0,2.0,A320 Neo,2.0,Malaga,London
10.0,"""Shout out to the help desk at Heathrow""",Couple Leisure,Economy Class,Apr,5.0,5.0,5.0,A380,4.0,Nice,London
0.6,"""watched their decline with great sadness""",Solo Leisure,Economy Class,Mar,1.0,1.0,1.0,A321,1.0,London,Paris
3.8,"""disgraceful that a full fare paying passenger should be treated like this""",Couple Leisure,Business Class,Apr,3.0,2.0,2.0,A320,2.0,Phoenix,London
8.6,"""Generally a positive experience""",Business,Business Class,Apr,5.0,5.0,4.0,Boeing 777-200,5.0,Phoenix,Heathrow
1.3,"""most terrible airline I've dealt with""",Couple Leisure,Economy Class,Apr,1.0,1.0,1.0,A380-800,1.0,Santorini,London
9.8,"""a virtually flawless experience""",Solo Leisure,Business Class,Apr,5.0,5.0,5.0,Embraer,5.0,Edinburgh,London
7.2,"""New Club Suites are amazing""",Solo Leisure,Business Class,Mar,4.0,4.0,2.0,Boeing 777-200ER,4.0,Vancouver,London
7.2,"""Service was good but food not so""",Couple Leisure,Business Class,Mar,2.0,4.0,2.0,A319,2.0,London,Venice
0.0,"""still no refunds 3 months on""",Business,Business Class,Apr,1.0,1.0,1.0,A320,1.0,London,Barcelona
4.6,"""old Club Class a huge disappointment""",Couple Leisure,Business Class,Mar,2.0,3.0,4.0,Boeing 777,3.0,Barbados,Heathrow
4.1,"""Onboard 10/10, getting to be onboard 1/10""",Business,Business Class,Apr,4.0,5.0,1.0,A320,4.0,Geneva,London
1.1,"""Food and service appalling""",Solo Leisure,Economy Class,Apr,1.0,1.0,1.0,A320,1.0,London,Singapore
8.9,"""stop nickel and diming""",Couple Leisure,Business Class,Mar,4.0,5.0,4.0,Boeing 777,4.0,London,Barbados
4.0,"""you can and need to do better than this""",Couple Leisure,Business Class,Mar,3.0,3.0,3.0,Boeing 777,1.0,Cape Town,Heathrow
1.6,"""the limited food served was bland""",Couple Leisure,Economy Class,Mar,3.0,1.0,2.0,A320,1.0,Sydney,Heathrow
0.0,"""Complete and utter chaos""",Business,Business Class,Mar,2.0,1.0,1.0,A320,2.0,London,Malaga
0.9,"""There is no customer support""",Couple Leisure,Economy Class,Mar,2.0,1.0,1.0,Boeing 787-8,2.0,Austin,Dublin
2.6,"""packed-like-sardines Club World product""",Couple Leisure,Business Class,Mar,2.0,1.0,3.0,Boeing 777-200,1.0,Cape Town,London
3.6,"""I couldn't check in online""",Couple Leisure,Economy Class,Mar,3.0,3.0,1.0,Boeing 747-400,1.0,Heathrow,Funchal
2.7,"""If I had the option I would not fly BA""",Couple Leisure,Economy Class,Mar,4.0,1.0,1.0,Boeing 787-9,1.0,London,Austin
4.9,"""The food was awful""",Couple Leisure,Premium Economy,Mar,3.0,2.0,4.0,Boeing 767,1.0,Dubai,Heathrow
3.2,"""really can't believe they have the audacity to call this First Class""",Solo Leisure,First Class,Mar,5.0,1.0,2.0,Boeing 787-900,1.0,Singapore,London
3.5,"""overall very medium experience""",Family Leisure,Economy Class,Mar,3.0,4.0,3.0,A350,3.0,Dublin,London
1.1,"""Ryanair has more finesse""",Couple Leisure,Economy Class,Feb,1.0,3.0,1.0,A380-800,1.0,Heathrow,Cairo
3.4,"""never use BA again for a long haul flight""",Couple Leisure,Premium Economy,Mar,4.0,2.0,4.0,A380,2.0,Male,London
0.6,"""can't be reached on the phone""",Business,Economy Class,Mar,2.0,2.0,1.0,Boeing 787,1.0,Copenhagen,London
0.9,"""downgraded at airport check in""",Family Leisure,Premium Economy,Mar,1.0,3.0,1.0,Boeing 767,3.0,New York,London
1.6,"""Absolutely shambolic customer service""",Business,Business Class,Aug,3.0,5.0,1.0,A321 Neo,2.0,Heathrow,Sofia
1.1,"""worst customer service""",Family Leisure,Economy Class,Oct,2.0,3.0,1.0,Boeing 777,2.0,Athens,London
6.0,"""First time using BA premium and likely my last""",Solo Leisure,Premium Economy,Feb,3.0,3.0,2.0,Boeing 777,2.0,Cape Town,London
1.0,"""the most shambolic customer support""",Business,Business Class,Mar,3.0,4.0,2.0,Boeing 787-8,1.0,Bangalore,London
4.1,"""smacks of continued cost-cutting""",Couple Leisure,Business Class,Mar,3.0,3.0,3.0,Boeing 777-200,2.0,London,Cape Town
4.5,"""continues to go downhill""",Couple Leisure,Business Class,Feb,1.0,3.0,3.0,A320,1.0,Lisbon,London
9.8,"""this flight was excellent""",Solo Leisure,Premium Economy,Feb,4.0,5.0,4.0,A350,5.0,Vancouver,London
4.5,"""scrapped the mandatory wearing of face masks""",Business,Business Class,Feb,3.0,3.0,3.0,A320,2.0,London,Malaga
1.2,"""got it all wrong with 6 hours delay""",Business,Economy Class,Feb,2.0,3.0,1.0,A322,1.0,London,Athens
10.0,"""T5 arrivals lounge was excellent""",Family Leisure,Business Class,Feb,4.0,5.0,5.0,Boeing 787-9,4.0,Washington DC,London
1.8,"""minimal leg room in economy""",Couple Leisure,Economy Class,Jan,1.0,2.0,1.0,Boeing 767,1.0,Accra,London
9.4,"""BA got everything right""",Family Leisure,Business Class,Feb,4.0,5.0,5.0,Boeing 787-9,5.0,London,Washington DC
10.0,"""cabin crews remain the best in the business""",Solo Leisure,Business Class,Dec,5.0,5.0,4.0,Boeing 777-200,5.0,Washington DC,London
9.0,"""think that BA are getting their mojo back again""",Couple Leisure,Business Class,Jan,4.0,5.0,5.0,Boeing 787-9,4.0,Atlanta,Heathrow
8.5,"""Performance of the flight deck was up to its usual high standard""",Couple Leisure,Business Class,Jan,3.0,4.0,3.0,Boeing 777,2.0,Cape Town,Heathrow
5.5,"""BA has a lot to do to regain its standing""",Couple Leisure,Business Class,Jan,2.0,4.0,3.0,Boeing 777,3.0,Heathrow,Orlando
1.0,"""Utterly appalling company""",Couple Leisure,Economy Class,Jan,2.0,1.0,1.0,A380,1.0,Heathrow,Dubai
3.4,"""I said I wanted 20-25% back off my holiday""",Solo Leisure,Economy Class,Nov,3.0,4.0,1.0,Boeing 767,4.0,New York,London
5.1,"""return trip was disappointing""",Couple Leisure,Business Class,Jan,3.0,2.0,4.0,Boeing 737-800,3.0,Cape Town,Durban
9.4,"""staff was very kind and friendly""",Solo Leisure,Economy Class,Jan,5.0,5.0,5.0,A321 Neo,5.0,Durban,Cape Town
0.3,"""complete disregard for your passengers""",Solo Leisure,Business Class,Jan,4.0,2.0,1.0,Boeing 787,1.0,Bangalore,London
2.1,"""decline into a sub-par service""",Business,Economy Class,Jan,1.0,1.0,1.0,Boeing 787-8,2.0,New York,London
1.6,"""very basic generic airline""",Business,Economy Class,Jan,1.0,4.0,1.0,Boeing 767,1.0,Las Vegas,London
0.3,"""doors cannot close till take off""",Couple Leisure,Business Class,Oct,2.0,1.0,1.0,Boeing 777-300,1.0,London,Dubai
3.9,"""a pretty poor show by BA""",Business,Business Class,Dec,2.0,1.0,2.0,A319,1.0,Glasgow,Heathrow
6.2,"""seats are a huge improvement""",Couple Leisure,Business Class,Dec,3.0,3.0,4.0,Boeing 777,2.0,London,Cape Town
8.6,"""Very nice return flight with BA""",Solo Leisure,Business Class,Dec,4.0,5.0,5.0,A320-200,4.0,Edinburgh,London
8.1,"""Overall a very lovely flight""",Solo Leisure,Business Class,Dec,4.0,5.0,3.0,A320-200,5.0,London,Edinburgh
2.4,"""the legroom was appalling""",Family Leisure,Economy Class,Dec,1.0,4.0,2.0,A380,1.0,Heathrow,Los Angeles
9.0,"""friendly and keen to please""",Business,Economy Class,Dec,5.0,5.0,5.0,Boeing 777,4.0,London,St Lucia
8.1,"""Food and drinks choices and tastes amazing""",Couple Leisure,First Class,Nov,4.0,5.0,4.0,Boeing 787,5.0,London,Chicago
2.8,"""BA hang your head in shame""",Solo Leisure,Business Class,Dec,1.0,2.0,1.0,A320,3.0,London,Istanbul
5.1,"""just used the new Club World""",Couple Leisure,Business Class,Dec,4.0,2.0,1.0,Boeing 777,3.0,Dubai,London Heaathrow
1.9,"""certainly make us avoid BA in future""",Couple Leisure,Business Class,Dec,1.0,5.0,5.0,Boeing 777,3.0,Gatwick,Cancun
3.4,"""I am still waiting for an answer""",Business,Business Class,Aug,1.0,2.0,2.0,Boeing 777-300 ER,2.0,Kingston,London
1.2,"""BA did nothing to ease the process""",Family Leisure,Business Class,Jan,1.0,1.0,1.0,Boeing 777-200ER,1.0,London,Delhi
0.0,"""whole experience was stressful, costly""",Solo Leisure,Economy Class,Jul,3.0,4.0,1.0,A380-800,1.0,Singapore,London
3.3,"""British Airways happy to encourage the spread of Covid""",Business,Business Class,Nov,3.0,4.0,1.0,A320,4.0,Heathrow,Paris
5.9,"""The crew failed to work as a team""",Solo Leisure,Business Class,Nov,3.0,2.0,4.0,A321 Neo,3.0,London,Tenerife
7.7,"""an OK experience with a great cabin crew""",Solo Leisure,Business Class,Nov,4.0,5.0,4.0,A321 Neo,5.0,Tenerife,London
1.2,"""Crew good, seats very uncomfortable""",Solo Leisure,Economy Class,Nov,1.0,5.0,1.0,A320,1.0,Stockholm,Heathrow
0.8,"""penny pinching by BA in club class""",Couple Leisure,Business Class,Nov,3.0,3.0,2.0,A320 Neo,1.0,Heathrow,Tenerife South
5.4,"""only just about recommend""",Couple Leisure,Business Class,Nov,2.0,5.0,3.0,A320 Neo,3.0,Heathrow,Tenerife South
1.3,"""They are so unorganized and slow!""",Solo Leisure,Economy Class,Nov,1.0,2.0,1.0,Boeing 787,2.0,London,Chicago
1.4,"""Customer service is non existent""",Solo Leisure,Economy Class,Oct,2.0,3.0,2.0,Boeing 747-400,2.0,London,Mexico City
1.7,"""their customer service is a shambles""",Couple Leisure,Economy Class,Oct,2.0,2.0,1.0,Boeing 777,2.0,Manchester,London
3.4,"""Poorly mismanaged services""",Family Leisure,Economy Class,Nov,3.0,2.0,2.0,Boeing 777-300 ER,2.0,Mumbai,London
9.1,"""Good professional crew""",Business,Economy Class,Nov,4.0,5.0,4.0,A321,4.0,Belfast,London
5.4,"""Not dreadful but something for BA to think about""",Family Leisure,Business Class,Oct,2.0,4.0,3.0,A321,2.0,Larnaca,Heathrow
10.0,"""could not have asked for better service""",Couple Leisure,Business Class,Sep,4.0,4.0,5.0,A320,4.0,Lisbon,Heathrow
9.1,"""BA at its best""",Couple Leisure,Premium Economy,Oct,4.0,5.0,3.0,Boeing 787,5.0,Madrid,London
6.4,"""boarding was chaos""",Family Leisure,Economy Class,Oct,5.0,5.0,2.0,A320 Neo,3.0,London,Bologna
7.6,"""This time it was good value""",Business,Economy Class,Oct,1.0,4.0,4.0,A321 Neo,4.0,London,Alicante
8.6,"""nothing bad about food but nothing great either""",Family Leisure,Business Class,Oct,3.0,5.0,4.0,A321,3.0,London,Larnaca
9.5,"""it was an absolute delight""",Couple Leisure,Economy Class,Oct,5.0,5.0,5.0,Boeing 777-200ER,5.0,Male,London
5.2,"""plane was clean and air quality very good""",Solo Leisure,Premium Economy,Oct,3.0,3.0,4.0,A320,4.0,London,Toronto
9.5,"""Overall a very enjoyable flight""",Business,Business Class,Oct,5.0,5.0,5.0,A350,5.0,London,Toronto
0.8,"""a clear case of BA mis-selling""",Solo Leisure,Business Class,Sep,2.0,4.0,4.0,Boeing 777-300,4.0,Heathrow,Athens Greece
2.6,"""Check-in was longer than normal""",Family Leisure,Economy Class,Oct,1.0,1.0,1.0,A320,1.0,London,Prague
7.9,"""Drinks and meal service was efficient""",Couple Leisure,Business Class,Oct,3.0,4.0,4.0,A321,3.0,Larnaca,Heathrow
8.8,"""ordinary BA domestic flight""",Business,Economy Class,Sep,4.0,3.0,4.0,A321,3.0,Belfast,London
0.2,"""our national flag carrier is being comfortably out performed by budget airlines""",Couple Leisure,Economy Class,Aug,1.0,1.0,1.0,A320,1.0,Manchester,Heathrow
1.9,"""got to the hotel and no dinner for us""",Couple Leisure,Business Class,Sep,3.0,1.0,1.0,Boeing 787-8,2.0,Heathrow,Tenerife south
2.9,"""Such indifference and lackadaisical attitude""",Business,Business Class,Sep,3.0,1.0,3.0,Boeing 747-400,1.0,London,New York
7.1,"""Post-COVID lunch remains restricted""",Couple Leisure,Business Class,Sep,3.0,3.0,3.0,A320,3.0,Heathrow,Larnaca
8.2,"""in the air great service""",Family Leisure,Business Class,Sep,3.0,5.0,3.0,A320,4.0,London,Lisbon
2.9,"""No check in staff for Economy""",Solo Leisure,Economy Class,Sep,4.0,4.0,1.0,Embraer,1.0,Frankfurt,London
0.0,"""lost the connecting flight to Tirana""",Solo Leisure,Economy Class,Sep,2.0,3.0,1.0,A321 Neo,3.0,Boston,Tirana London
0.2,"""service on the same route is becoming worse""",Couple Leisure,Economy Class,Aug,1.0,1.0,1.0,Boeing 777,1.0,Washington DC,London
4.6,"""the most comfortable seats""",Solo Leisure,Economy Class,Aug,5.0,4.0,3.0,Boeing 787-8,1.0,London,Moscow Domodedovo
10.0,"""value for money here is incredible""",Solo Leisure,Economy Class,Aug,4.0,5.0,5.0,A321,4.0,London,Athens
7.3,"""Food and drinks fine""",Family Leisure,Economy Class,Aug,4.0,5.0,4.0,A320,4.0,London,Corfu
0.7,"""frustrated, upset and disappointed""",Family Leisure,Business Class,Aug,4.0,1.0,1.0,A319,2.0,Moscow,Heathrow
1.9,"""piled into the bus and left""",Business,Business Class,Aug,3.0,2.0,1.0,Boeing 777-200ER,2.0,Heathrow,Munich
6.1,"""On board staff were good""",Couple Leisure,Business Class,Jul,3.0,4.0,3.0,A330,5.0,Heathrow,Nice
7.1,"""very slick on board experience""",Family Leisure,Business Class,Jul,4.0,5.0,4.0,Boeing 777-200,5.0,Cancun,Gatwick
6.8,"""Not complete return to old days""",Family Leisure,Business Class,Jul,5.0,5.0,4.0,Boeing 777-200,4.0,Gatwick,Cancun
3.9,"""uncomfortable, miserly experience """,Solo Leisure,Business Class,Jun,1.0,2.0,3.0,Boeing 787,3.0,London,Mexico City
8.0,"""Service was a little perfunctory""",Couple Leisure,Business Class,Jun,4.0,3.0,5.0,A320,3.0,Preveza,London
9.3,"""I am really grateful""",Solo Leisure,Economy Class,Jun,4.0,4.0,4.0,A321 Neo,4.0,London,Accra
8.3,"""a thoroughly reassuring, coming out of COVID, experience""",Couple Leisure,Business Class,May,4.0,4.0,5.0,A320,4.0,Heathrow,Preveza
9.9,"""Fantastic flight down to Heathrow""",Solo Leisure,Economy Class,May,4.0,5.0,4.0,A321 Neo,4.0,Aberdeen,Heathrow
5.1,"""COVID protocols are not as robust as they should be""",Solo Leisure,Economy Class,Apr,4.0,5.0,5.0,Boeing 737-800,4.0,Johannesburg,Cape Town
4.6,"""I would need to call up to rebook""",Solo Leisure,Economy Class,Dec,2.0,4.0,3.0,Boeing 777-200,1.0,Gatwick,Cancun
0.7,"""had my flight cancelled on 3 occasions""",Couple Leisure,Economy Class,Feb,1.0,1.0,1.0,Boeing 747,1.0,Bridgetown,London
1.4,"""Do not recommend to anyone in Covid restrictions""",Solo Leisure,Economy Class,Dec,5.0,5.0,5.0,Boeing 787-8,5.0,Sofia,Heathrow
10.0,"""She was an amazing person""",Solo Leisure,Economy Class,Feb,5.0,5.0,4.0,A321 Neo,5.0,Mumbai,London
3.6,"""not what you'd expect from a premium product""",Business,First Class,Jan,2.0,5.0,3.0,Boeing 787-9,1.0,Mexico City,Heathrow
8.1,"""Good service the whole way""",Solo Leisure,Economy Class,Dec,5.0,4.0,5.0,Boeing 777-300 ER,4.0,Heathrow,Belfast
4.9,"""passengers with masks below nose""",Solo Leisure,Premium Economy,Jul,4.0,1.0,5.0,A350,1.0,Heathrow,Dubai
6.8,"""happy with product and would use again""",Solo Leisure,Business Class,Dec,3.0,5.0,4.0,A321,3.0,London,Tenerife
3.8,"""It's not at all child friendly""",Family Leisure,Economy Class,Dec,1.0,1.0,1.0,Boeing 747,1.0,Heathrow,Lahore
9.9,"""my experience with BA was very positive""",Solo Leisure,Economy Class,Oct,5.0,4.0,3.0,A319,3.0,London,Venice
9.3,"""refunded my tickets within 2 working days""",Couple Leisure,Economy Class,Nov,5.0,5.0,5.0,Boeing 777-200,5.0,Munich,London
4.5,"""Everything was nice except food""",Family Leisure,Economy Class,Oct,5.0,5.0,5.0,Boeing 787,1.0,London,Bangalore
9.5,"""Everything I expected""",Solo Leisure,Business Class,Sep,5.0,5.0,4.0,A320 Neo,5.0,Warsaw,London-Heathrow
0.1,"""told that the check-in had closed""",Couple Leisure,Economy Class,Aug,4.0,4.0,1.0,A321,3.0,London,Santorini
0.7,"""I filed a claim""",Couple Leisure,Economy Class,Feb,2.0,3.0,5.0,A321,2.0,London,Paris
2.3,"""lack of social distancing""",Business,Economy Class,Aug,1.0,1.0,2.0,A319,2.0,Berlin,London
9.2,"""I was pleasantly surprised""",Solo Leisure,Economy Class,Jul,5.0,5.0,5.0,A320,3.0,Newcastle,Heathrow
1.8,"""all about money with them""",Family Leisure,Premium Economy,Mar,3.0,2.0,2.0,Boeing 767,1.0,Tokyo,London
0.8,"""arrived 3 hrs 25 mins late""",Couple Leisure,Economy Class,Mar,3.0,3.0,5.0,Boeing 747-400,2.0,Los Angeles,London
10.0,"""it definitely lived up to my expectations""",Couple Leisure,Business Class,Feb,5.0,5.0,5.0,A350,5.0,Heathrow,Toronto 
7.6,"""cabin crew were friendly and professional""",Couple Leisure,Business Class,Feb,5.0,5.0,5.0,Boeing 747-400,5.0,Las Vegas,London Heathrow 
0.3,"""never use this airline again""",Solo Leisure,Economy Class,Mar,1.0,1.0,1.0,A350,1.0,Sydney,Singapore
0.7,"""laptop was left inside the flight""",Business,Economy Class,Mar,2.0,3.0,1.0,Boeing 787-9,2.0,Johannesburg,London
2.3,"""lies and lack of informatio""",Solo Leisure,Business Class,Mar,3.0,5.0,3.0,Boeing 747,4.0,Nashville,Chicago
10.0,"""thank our crew in particular""",Couple Leisure,Premium Economy,Mar,5.0,5.0,5.0,A380-800,4.0,Mumbai,Heathrow
1.8,"""narrow business class facing seats""",Business,Business Class,Mar,1.0,1.0,1.0,Boeing 747-400,1.0,Chicago,Heathrow
1.8,"""airline needs major overhaul""",Business,Business Class,Feb,1.0,1.0,1.0,Boeing 747-400,1.0,London,New York
3.5,"""unfriendly and inconsiderate to me""",Business,Economy Class,Oct,2.0,3.0,1.0,Boeing 777-200,3.0,Frankfurt,London
7.1,"""BA has really upped their game""",Solo Leisure,Economy Class,Jan,3.0,5.0,4.0,Boeing 787,4.0,London,Beijing
8.8,"""friendly and helpful""",Family Leisure,Economy Class,Jan,5.0,5.0,5.0,A380,5.0,Hong Kong,London
8.5,"""Very happy with the service""",Couple Leisure,Economy Class,Mar,4.0,5.0,5.0,Boeing 777-200,5.0,Mumbai,London
8.4,"""positive, friendly attitude""",Couple Leisure,Economy Class,Feb,4.0,5.0,2.0,Boeing 777-200,5.0,London,Delhi
1.8,"""never use British Airways again""",Solo Leisure,Economy Class,Feb,3.0,3.0,1.0,Boeing 787-9,3.0,Singapore,London
3.1,"""Food and drinks are expensive""",Solo Leisure,Economy Class,Feb,2.0,3.0,3.0,Boeing 747-400,1.0,Gatwick,Malaga
10.0,"""the crew were outstanding""",Solo Leisure,Premium Economy,Feb,4.0,5.0,4.0,Boeing 747-400,5.0,Vancouver,London
6.8,"""food is the standout problem""",Solo Leisure,First Class,Feb,3.0,5.0,2.0,Boeing 777,1.0,Heathrow,Nairobi
0.7,"""came to me to give me his pillow""",Couple Leisure,Premium Economy,Feb,1.0,1.0,1.0,Boeing 767,1.0,Dubai,London
3.7,"""service that needs training""",Couple Leisure,Business Class,Feb,4.0,2.0,3.0,A350,1.0,London,Cape Town
1.6,"""packed out seating""",Solo Leisure,Economy Class,Feb,1.0,3.0,1.0,Boeing 787,1.0,Rio de Janeiro,London
3.7,"""backward facing seats""",Couple Leisure,Business Class,Feb,1.0,4.0,4.0,Boeing 747-400,3.0,Las Vegas,London
8.4,"""crew was amazingly kind and lovely""",Solo Leisure,Economy Class,Jan,5.0,5.0,5.0,Boeing 747,4.0,Mexico City,London
8.1,"""a good experience with no major complaints""",Solo Leisure,Business Class,Oct,4.0,4.0,5.0,A321,4.0,Heathrow,Sofia
1.0,"""Arriving late to board""",Solo Leisure,Economy Class,Jul,2.0,3.0,1.0,A320,2.0,Manchester,London
2.6,"""a pathetic premium cabin""",Business,Business Class,Jan,2.0,3.0,3.0,A321 Neo,2.0,Madrid,London
6.8,"""breakfast become rather perfunctory""",Couple Leisure,Business Class,Jan,3.0,4.0,3.0,A380-800,3.0,Johannesburg,London
2.3,"""very disappointing service""",Business,Business Class,Jan,2.0,2.0,4.0,Boeing 777-200,2.0,Las Vegas,Gatwick
4.3,"""roller coaster of incompetence""",Business,Business Class,Jan,5.0,5.0,1.0,Boeing 747-400,5.0,San Diego,London
8.0,"""SLOW lounge continues to impress""",Couple Leisure,Business Class,Jan,4.0,4.0,4.0,A320,3.0,Cape Town,Johannesburg
9.5,"""thank you for your service and kindness""",Solo Leisure,Economy Class,Dec,5.0,5.0,5.0,Boeing 747,5.0,New York,Copenhagen 
7.3,"""more than acceptable service""",Business,Business Class,Jan,3.0,5.0,3.0,Boeing 787-9,4.0,Phoenix,London
5.8,"""only saving grace was a superb cabin staff""",Solo Leisure,Economy Class,Jan,2.0,4.0,4.0,Boeing 777-200,4.0,Heathrow,Bangkok
6.3,"""the service was good""",Solo Leisure,Economy Class,Jan,2.0,5.0,1.0,Boeing 777-200ER,5.0,Mumbai,London
0.7,"""refund for seat assignments""",Family Leisure,Economy Class,Dec,1.0,1.0,1.0,Boeing 767,1.0,Orlando,Accra
7.9,"""still consider other airlines""",Solo Leisure,Economy Class,Jan,4.0,5.0,4.0,Boeing 787,4.0,Toronto,London
8.5,"""sleeping was quite impossible""",Solo Leisure,First Class,Jan,4.0,5.0,4.0,Boeing 777-300,5.0,Hong Kong,London
3.1,"""Layout of Boeing 787 cabin is poor""",Business,Economy Class,Jan,1.0,1.0,2.0,Boeing 787,2.0,San Jose,London
1.6,"""luggage was not loaded""",Couple Leisure,Business Class,Jan,3.0,4.0,1.0,Boeing 777,4.0,Singapore,London
8.0,"""Everything went like clockwork""",Solo Leisure,Economy Class,Jan,5.0,5.0,4.0,A321 Neo,5.0,Warsaw,London
9.0,"""I would recommend BA""",Family Leisure,Economy Class,Jan,4.0,5.0,5.0,Boeing 747-400,3.0,New York ,Heathrow
2.2,"""never fly BA again""",Family Leisure,Economy Class,Dec,2.0,1.0,1.0,A380,2.0,London,Los Angeles
6.7,"""need to move with the times""",Couple Leisure,Business Class,Jan,3.0,3.0,4.0,Boeing 737-800,3.0,Johannesburg,Cape Town
1.6,"""offer a kids free zone""",Business,Business Class,Jan,2.0,1.0,2.0,A319,1.0,London,Bangkok
8.1,"""Overall a good flight""",Couple Leisure,Business Class,Jan,4.0,4.0,4.0,A380,4.0,London,Johannesburg
7.9,"""a very comfortable flight""",Solo Leisure,Economy Class,Dec,2.0,5.0,1.0,Boeing 777-200,4.0,Boston,London
0.6,"""my husbands seat was broken""",Couple Leisure,Business Class,Jan,1.0,1.0,1.0,Boeing 787-9,1.0,Los Angeles,London
2.4,"""My food was bad""",Solo Leisure,Premium Economy,Jan,3.0,1.0,3.0,A380,1.0,Gatwick,Cancun
9.6,"""could not fault one aspect of the service""",Solo Leisure,Business Class,Jan,4.0,5.0,5.0,A320,4.0,Gatwick,Glasgow
10.0,"""All in all great service""",Solo Leisure,Business Class,Dec,5.0,5.0,4.0,Boeing 787-8,5.0,Rio De Janeiro,Heathrow
2.6,"""disappointed by the service""",Business,Business Class,Jan,1.0,3.0,4.0,A320,2.0,Gatwick,Tirana
9.8,"""Crew very friendly""",Couple Leisure,Business Class,Jan,3.0,5.0,4.0,A320,5.0,Keflavik,Heathrow
0.9,"""my food was inedible""",Couple Leisure,Economy Class,Jan,1.0,3.0,2.0,Boeing 747,1.0,Heathrow,Vancouver
2.1,"""staff were incredibly rude and lazy""",Couple Leisure,Economy Class,Jan,2.0,1.0,5.0,A319,1.0,Tokyo,Heathrow
4.2,"""job's worth high handed attitude""",Couple Leisure,Business Class,Dec,3.0,4.0,1.0,A380,3.0,London,Hong Kong
2.0,"""They have the worst customer service""",Family Leisure,Business Class,Jan,1.0,3.0,1.0,Boeing 747,2.0,Los Angeles,Heathrow
1.4,"""no sandwiches left to purchase""",Solo Leisure,Economy Class,Dec,2.0,2.0,1.0,A380,1.0,London,Bucharest
8.1,"""another very good flight""",Solo Leisure,Business Class,Dec,5.0,5.0,4.0,Boeing 787-9,5.0,London,Rio De Janeiro
2.5,"""don't provide free food and drink""",Family Leisure,Economy Class,Dec,3.0,1.0,3.0,A321 Neo,1.0,London,Athens
0.0,"""way below expected service""",Solo Leisure,Economy Class,Dec,2.0,1.0,1.0,A320,1.0,Copenhagen,London
6.0,"""onboard charity collection is inappropriate""",Solo Leisure,Economy Class,Dec,3.0,3.0,4.0,A320,2.0,Budapest,London
7.4,"""staff were so friendly""",Solo Leisure,Economy Class,Dec,3.0,5.0,4.0,Boeing 787,4.0,Cape Town,London
8.2,"""comfort and service superb""",Solo Leisure,Economy Class,Dec,5.0,5.0,4.0,Boeing 777-300 ER,5.0,Sydney,Singapore / London
7.8,"""good overall experience""",Solo Leisure,Business Class,Oct,3.0,4.0,3.0,A321 Neo,4.0,Sofia,London
9.4,"""cabin crew were very friendly""",Couple Leisure,Business Class,Dec,5.0,5.0,5.0,Boeing 787-8,5.0,Edinburgh,Gatwick
4.1,"""cabin manager did not greet me""",Business,Economy Class,Dec,2.0,2.0,5.0,Boeing 777-200,1.0,New York,London
0.9,"""Awful airline""",Couple Leisure,Economy Class,Dec,1.0,1.0,1.0,A320,1.0,Frankfurt,London
1.8,""" Flight is again delayed""",Solo Leisure,Economy Class,Dec,1.0,1.0,1.0,A321,1.0,London,Glasgow
9.3,"""This flight was a delight""",Business,Business Class,Dec,3.0,5.0,5.0,Boeing 747-400,4.0,London,San Francisco 
0.6,"""we had to print out boarding passes""",Couple Leisure,Economy Class,Dec,2.0,5.0,1.0,A319,5.0,Heathrow,Belfast
8.9,"""You get what you pay for""",Solo Leisure,Business Class,Oct,4.0,5.0,5.0,A380,5.0,London,Singapore
7.4,"""Seats the same as economy""",Solo Leisure,Business Class,Nov,3.0,5.0,5.0,A319,5.0,Heathrow,Stockholm
1.8,"""we had limited recline seats seats""",Family Leisure,Economy Class,Nov,1.0,3.0,2.0,A380,3.0,Johannesburg,London
7.8,"""Overall a good flight""",Couple Leisure,Business Class,Dec,3.0,3.0,3.0,A380,3.0,Johannesburg,London
9.6,"""crew are so friendly""",Solo Leisure,First Class,Nov,4.0,5.0,5.0,Boeing 747-400,5.0,Heathrow,Miami
7.5,"""excellent with service""",Solo Leisure,Business Class,Nov,3.0,5.0,5.0,A319,5.0,Stockholm,Heathrow
8.6,"""cabin crew where fantastic""",Couple Leisure,Economy Class,Nov,3.0,4.0,3.0,Boeing 777-300,4.0,London,Singapore
2.0,"""utter nightmares""",Couple Leisure,Business Class,Nov,1.0,4.0,1.0,Boeing 747-400,3.0,London,New York
3.7,"""the shortage of staff""",Solo Leisure,Business Class,Dec,3.0,2.0,3.0,Boeing 777-200,3.0,Gatwick,Bridgetown
5.2,"""lacks personalized attention""",Business,Business Class,Nov,4.0,2.0,4.0,Boeing 777,2.0,Brussels,London
0.5,"""missed my connecting flight""",Business,Economy Class,Nov,1.0,2.0,1.0,Boeing 777-200,2.0,San Francisco,London
7.4,"""inflight service was distinctly average""",Couple Leisure,Business Class,Nov,3.0,3.0,3.0,A380,3.0,London,Johannesburg 
2.6,"""delayed due to maintenance""",Business,Premium Economy,Nov,4.0,4.0,2.0,Boeing 787,2.0,London,Bangalore
10.0,"""cabin crew were so kind""",Solo Leisure,Economy Class,Nov,5.0,5.0,5.0,Boeing 777-200,3.0,London,Singapore
9.6,"""Surprisingly good flight""",Family Leisure,Economy Class,Nov,5.0,5.0,5.0,Boeing 787-9,4.0,doha,London
4.0,"""plane was old and cramped""",Family Leisure,Economy Class,Nov,2.0,3.0,3.0,A380-800,2.0,London,Buenos Aires
4.2,"""Movie selection below average""",Couple Leisure,Economy Class,Nov,4.0,2.0,3.0,A380,3.0,San Francisco,London
1.6,"""What a disappointment of an airline""",Business,Business Class,Nov,1.0,1.0,2.0,Boeing 777-300,1.0,Sydney,Singapore
1.3,"""I begrudge flying with them""",Family Leisure,Economy Class,Nov,1.0,4.0,1.0,Boeing 777,1.0,London,Mauritius
10.0,"""excellent premium host service""",Business,Business Class,Nov,5.0,5.0,5.0,Boeing 747,5.0,Los Angeles,London
1.6,"""a remarkably bad experience""",Solo Leisure,Economy Class,Nov,2.0,2.0,2.0,Boeing 747-400,2.0,London,Vancouver
1.2,"""It used to be a good airline""",Couple Leisure,Economy Class,Nov,1.0,1.0,1.0,Boeing 747-400,1.0,New York,London
2.9,"""left a great deal to be desired""",Couple Leisure,Business Class,Nov,4.0,1.0,5.0,A320,2.0,Heathrow,Lisbon
9.7,"""Food was fairly good both ways""",Solo Leisure,Economy Class,Nov,4.0,4.0,4.0,Boeing 777,4.0,London,Boston
9.2,"""a very friendly and welcoming crew""",Business,Economy Class,Nov,4.0,5.0,5.0,A320,3.0,Tirana,London
9.2,"""Great service on this flight""",Solo Leisure,Economy Class,Nov,5.0,5.0,5.0,Boeing 747-400,5.0,Gatwick,St Lucia
9.4,"""They were friendly, welcoming""",Family Leisure,Economy Class,Nov,4.0,5.0,5.0,A321 Neo,4.0,London,Singapore
2.1,"""find an alternative airline""",Solo Leisure,Economy Class,Nov,1.0,4.0,4.0,A321,3.0,London,San Francisco
8.1,"""pleased with all aspects""",Couple Leisure,Business Class,Sep,4.0,5.0,5.0,A320,4.0,Gatwick,Venice
9.7,"""loved every minute of the flight""",Couple Leisure,Business Class,Oct,5.0,5.0,4.0,Boeing 787-9,5.0,Seychelles,London
5.1,"""seems they were understaffed""",Couple Leisure,Business Class,Oct,2.0,4.0,3.0,Boeing 787,4.0,San Jose,London
4.4,"""offering an ultra low cost service""",Solo Leisure,Economy Class,Oct,1.0,3.0,3.0,A321 Neo,1.0,Heathrow,Edinburgh
7.2,"""Food was fine and service friendly""",Family Leisure,Economy Class,Oct,4.0,4.0,5.0,Boeing 777-200,4.0,Gatwick,Barbados
9.8,"""Service was fantastic""",Couple Leisure,Economy Class,Oct,3.0,5.0,5.0,Boeing 777,5.0,Toronto,London
1.2,"""check in counter was closed""",Solo Leisure,Economy Class,Oct,1.0,1.0,1.0,Boeing 777-200,1.0,Jeddah,London
9.0,"""we had an excellent flight""",Couple Leisure,Business Class,Oct,5.0,5.0,5.0,A380,5.0,San Francisco,London
9.8,"""very happy with this short flight""",Solo Leisure,Business Class,Oct,5.0,5.0,5.0,A319,5.0,London,Belfast
0.9,"""Worst customer experience""",Couple Leisure,Economy Class,Apr,2.0,3.0,2.0,Boeing 777-200ER,3.0,Gatwick,Salzburg 
0.2,"""three hours to get rebooking""",Business,Economy Class,Oct,1.0,4.0,1.0,Boeing 747,2.0,Frankfurt,London
9.1,"""an awesome experience""",Business,Economy Class,Oct,3.0,5.0,3.0,Boeing 747-400,2.0,Hyderabad,London
2.9,"""seat are surprisingly comfortable""",Business,Business Class,Oct,4.0,1.0,3.0,Boeing 747-400,1.0,Vancouver,London
0.6,"""The seat was uncomfortable""",Couple Leisure,Premium Economy,Oct,1.0,1.0,3.0,Boeing 777,1.0,London,Singapore
2.7,"""did not mention it was normal coffee""",Solo Leisure,Premium Economy,Oct,5.0,1.0,2.0,Boeing 787,2.0,Kuala Lumpur,London
9.0,"""crew were very attentive""",Couple Leisure,Business Class,Oct,5.0,5.0,5.0,Boeing 787-900,5.0,Heathrow,Seychelles
8.5,"""comfortable seats""",Couple Leisure,Economy Class,Sep,4.0,4.0,4.0,A321,4.0,Amman,London
1.5,"""easily the most cramped space I have ever flown""",Couple Leisure,Economy Class,Oct,1.0,2.0,1.0,Boeing 777,1.0,New York,London
1.5,"""Seats were uncomfortable""",Couple Leisure,Premium Economy,Sep,1.0,3.0,4.0,Boeing 777-200,1.0,Buenos Aires,Heathrow
8.1,"""It's almost like a low cost""",Solo Leisure,Economy Class,Sep,5.0,4.0,4.0,Boeing 787-9,4.0,Mexico City,Heathrow
8.3,"""Couldn't ask for more""",Couple Leisure,Economy Class,Sep,4.0,5.0,4.0,A319,4.0,Bari,Gatwick
3.5,"""zero feeling of comfort""",Couple Leisure,Premium Economy,Sep,1.0,3.0,4.0,Boeing 787,1.0,Abu Dhabi,Heathrow
9.6,"""they were really good""",Couple Leisure,Economy Class,Oct,5.0,5.0,5.0,Boeing 787-900,5.0,Heathrow,Abu Dhabi
1.3,"""cancelled and rescheduled""",Couple Leisure,Economy Class,Sep,4.0,5.0,1.0,A380-800,1.0,Johannesburg,London
10.0,"""the experience was outstanding""",Business,Business Class,Sep,5.0,5.0,5.0,A350,5.0,Dubai,Heathrow
0.8,"""first and definitely last time""",Solo Leisure,Economy Class,Oct,3.0,3.0,1.0,Boeing 777-300 ER,3.0,Istanbul,London
9.0,"""appreciate your excellent service""",Couple Leisure,Economy Class,Oct,2.0,5.0,5.0,Boeing 777,5.0,Rome,Heathrow
5.2,"""seats are incredibly uncomfortable""",Solo Leisure,Economy Class,Sep,1.0,4.0,4.0,Boeing 787,3.0,Calgary,London
10.0,"""such a pleasant experience""",Family Leisure,Economy Class,Oct,5.0,5.0,5.0,Boeing 787-9,5.0,Kuala Lumpur,London
7.5,"""Another pleasant flight""",Couple Leisure,Business Class,Oct,3.0,3.0,3.0,Boeing 747,3.0,Austin,London
7.8,"""Better than I was expecting""",Couple Leisure,Premium Economy,Aug,5.0,4.0,4.0,Boeing 787,3.0,London,Kuala Lumpur
1.2,"""zero customer service""",Couple Leisure,Premium Economy,Oct,3.0,3.0,3.0,A380,1.0,Newark,London
5.1,"""there is no lounge at Kos""",Couple Leisure,Business Class,Oct,4.0,3.0,1.0,Boeing 777-300 ER,2.0,Kos,Gatwick
3.2,"""Club Europe had no advantages""",Business,Business Class,Sep,5.0,5.0,2.0,A320,5.0,Gatwick,Alicante
9.4,"""Very enjoyable flight""",Solo Leisure,Premium Economy,Sep,5.0,5.0,4.0,A380,4.0,Vancouver,London
10.0,"""staff wonderful. cheerful, efficient""",Couple Leisure,Business Class,Sep,4.0,5.0,3.0,Boeing 747,4.0,Heathrow,Austin
8.2,"""it was the most enjoyable flight""",Couple Leisure,Business Class,Sep,4.0,4.0,4.0,Boeing 747,4.0,Heathrow,Austin
7.6,"""not too bad, all in all""",Couple Leisure,Business Class,Sep,3.0,4.0,3.0,A320,4.0,Cephalonia,London
1.7,"""Delays after delays""",Family Leisure,Economy Class,Aug,1.0,4.0,1.0,A380,1.0,Chicago,London
9.2,"""a great flight""",Solo Leisure,Business Class,Sep,4.0,5.0,5.0,A321 Neo,5.0,Glasgow,London
8.0,"""the value was very good""",Solo Leisure,Economy Class,Sep,5.0,5.0,3.0,A321,3.0,Heathrow,Berlin Tegel
3.3,"""no different to a budget airline""",Business,Economy Class,Sep,4.0,2.0,4.0,EMB190,1.0,London,Geneva
3.2,"""wanted to change our departure date""",Couple Leisure,Business Class,Sep,2.0,4.0,1.0,A320,1.0,Los Angeles,London
5.1,"""a nightmare""",Family Leisure,Premium Economy,Aug,3.0,5.0,1.0,Boeing 777-200,3.0,Phoenix,London
5.2,"""lacklustre at best""",Couple Leisure,Business Class,Sep,3.0,2.0,3.0,A320,2.0,London,Kefalonia 
1.6,"""decline in the service level""",Couple Leisure,Business Class,Sep,3.0,4.0,1.0,A350,1.0,Hong Kong,London
4.7,"""Full credit to the crew""",Business,Economy Class,Sep,3.0,4.0,1.0,Boeing 777-200,1.0,Heathrow,Abuja Nigeria
3.6,"""What an awful plane""",Solo Leisure,Economy Class,Sep,2.0,3.0,4.0,Boeing 777-300,4.0,London,Bangkok
9.6,"""inflight service was top notch""",Couple Leisure,Business Class,Aug,5.0,5.0,5.0,Boeing 747-400,5.0,Belfast,London
1.9,"""a waste of money""",Family Leisure,Business Class,Jul,1.0,1.0,1.0,A320,1.0,Orlando,Gatwick
3.6,"""welcome wasn't especially friendly""",Solo Leisure,Business Class,Sep,1.0,2.0,1.0,Boeing 787,2.0,Mahe,London
8.6,"""been upgraded to Club World""",Couple Leisure,Business Class,Sep,4.0,5.0,5.0,A319,3.0,Glasgow,Gatwick
1.9,"""standards on BA have plummeted""",Family Leisure,Economy Class,Sep,2.0,3.0,3.0,Boeing 777-200,1.0,Orlando,Gatwick
7.6,"""Good value flight""",Family Leisure,Economy Class,Aug,3.0,4.0,4.0,Boeing 787,5.0,London,Abu Dhabi
2.1,"""not worth the money""",Couple Leisure,Business Class,Aug,1.0,3.0,5.0,A320,1.0,London,St Petersburgh
3.6,"""the food was horrendous""",Business,Premium Economy,May,4.0,2.0,4.0,Boeing 777,1.0,Sydney,Singapore
2.5,"""a waste of money""",Family Leisure,Business Class,Aug,1.0,3.0,3.0,Boeing 747-400,2.0,Palma de Mallorca,Heathrow
10.0,"""trip has been really smooth""",Family Leisure,Economy Class,Aug,5.0,5.0,5.0,Boeing 747-400,4.0,Chennai,London
9.3,"""she looked after me so well""",Solo Leisure,Economy Class,Jul,5.0,5.0,5.0,Boeing 777-300 ER,5.0,Edinburgh,London
8.7,"""Overall, the journey was great""",Family Leisure,First Class,Aug,5.0,5.0,5.0,Boeing 777-200,4.0,London,Shanghai
2.2,"""you will not be able to get any help""",Business,Business Class,Aug,3.0,3.0,1.0,Boeing 747,3.0,Chicago,Barcelona
9.8,"""They were beyond amazing!""",Family Leisure,Economy Class,Nov,5.0,5.0,5.0,Boeing 787-8,5.0,New Orleans,London
0.3,"""flight was cancelled 3 days in a row""
",Family Leisure,Premium Economy,Jun,1.0,1.0,1.0,Boeing 747,1.0,Boston,London
6.2,"""customer service is increasingly low cost in feel""",Business,Business Class,Jul,1.0,3.0,5.0,Boeing 777-200,4.0,Gatwick,San Jose Costa Rica
6.0,"""crew were very helpful""",Solo Leisure,Economy Class,Aug,3.0,4.0,1.0,Boeing 777,3.0,London,Dubai
9.8,"""Crew on board very friendly and helpful""",Family Leisure,Business Class,Aug,4.0,5.0,5.0,A340-300,5.0,Toronto,Pisa London Heathrow
1.6,"""would do everything to never fly British Airways again""",Couple Leisure,Premium Economy,Aug,2.0,4.0,1.0,A319,2.0,Chicago,London
9.1,"""Excellent customer service""",Family Leisure,Economy Class,Jul,4.0,5.0,5.0,Boeing 777-200,4.0,Gatwick,Orlando
1.8,"""will try to avoid this airline""",Business,Economy Class,Jun,2.0,2.0,1.0,Boeing 767,3.0,London,Glasgow
1.0,"""seats are aging and uncomfortable""",Business,Business Class,Aug,1.0,5.0,4.0,A380,3.0,London,Hong Kong
10.0,"""the flight was very pleasant""",Solo Leisure,Economy Class,Jul,4.0,5.0,5.0,A320,5.0,Vienna,Heathrow
2.0,"""A shambolic airline""",Couple Leisure,Business Class,Aug,1.0,2.0,1.0,A321,2.0,Malaga,London
2.5,"""Extremely disappointed trip""",Couple Leisure,Business Class,Aug,1.0,4.0,1.0,Boeing 777-200ER,3.0,Sydney,Singapore
0.7,"""awful experience from beginning to end""",Solo Leisure,Economy Class,Aug,2.0,2.0,1.0,A380,1.0,Inverness,London
1.9,"""a below average service""",Couple Leisure,Economy Class,Aug,2.0,4.0,1.0,A380,2.0,Heathrow,Brussels
1.7,"""time for some heads to roll""",Couple Leisure,Business Class,Aug,1.0,1.0,1.0,A320,1.0,Palma,Heathrow
1.0,"""Trip was basic""",Couple Leisure,Economy Class,Aug,3.0,2.0,2.0,Boeing 747,1.0,London,Ibiza
3.3,"""Staff  not in high standards""",Couple Leisure,Economy Class,Jul,3.0,1.0,5.0,Boeing 777-300 ER,1.0,Calgary,London
7.3,"""pretty good, despite the delay""",Family Leisure,Economy Class,Jul,5.0,5.0,4.0,A321-200,4.0,Heathrow,Sofia
9.9,"""made memorable by air hostess""",Couple Leisure,Economy Class,Jul,3.0,5.0,4.0,Boeing 777,4.0,Buenos Aires,Heathrow
6.9,"""seat is quite comfortable.""",Family Leisure,Economy Class,Jul,4.0,3.0,2.0,Boeing 777-300 ER,3.0,Hong Kong,London
2.9,"""What a useless organisation""",Business,Premium Economy,Jul,3.0,4.0,1.0,Boeing 777-300 ER,4.0,Heathrow,Las Vegas
2.7,"""are staff preparing to go on strike""",Solo Leisure,Business Class,Jul,2.0,1.0,3.0,A320,1.0,Heathrow,Malaga
5.9,"""777 aircraft is looking old""",Business,Economy Class,Jun,1.0,1.0,3.0,B777-200,3.0,London,Delhi
5.4,"""Thank you so much!""",Solo Leisure,Economy Class,Jul,4.0,5.0,5.0,Boeing 747,3.0,Seattle,London
1.4,"""Noisy cabin, tiny screens""",Family Leisure,Economy Class,Jul,1.0,3.0,3.0,Boeing 747-400,1.0,Heathrow,Austin
8.5,"""flight has improved my opinion on British Airways""",Family Leisure,Economy Class,Jul,4.0,5.0,5.0,Boeing 737-800,5.0,Johannesburg,Cape Town
5.9,"""seat comfort has been sacrificed""",Family Leisure,Economy Class,Jul,1.0,4.0,4.0,Boeing 777-200,3.0,Grenada,Gatwick
10.0,"""professional and very friendly""",Solo Leisure,Premium Economy,Jul,5.0,5.0,5.0,Boeing 777,3.0,London,Dubai
8.9,"""staff were helpful and friendly""",Family Leisure,Economy Class,Jul,4.0,5.0,4.0,A380,4.0,Tel Aviv,London
8.8,"""team was very friendly""",Solo Leisure,Business Class,Jun,3.0,4.0,4.0,A320,4.0,Brussels,London
2.5,"""The meal was inedible""",Couple Leisure,Business Class,Jul,2.0,1.0,3.0,A320,1.0,Stockholm,London
1.9,"""no apologies from the staff""",Business,Business Class,Jul,2.0,1.0,1.0,A380-800,3.0,Toronto,London
7.4,"""don't waste your money on an overnight flight""",Family Leisure,Premium Economy,Jul,3.0,4.0,3.0,Boeing 737,1.0,Orlando,London
1.6,"""Meal service had no choice""",Couple Leisure,Business Class,Jul,1.0,1.0,2.0,A320,1.0,Lisbon,London
0.6,"""changed to late evening arrival""",Solo Leisure,Economy Class,Sep,1.0,1.0,1.0,A320,1.0,Heathrow,Marseille
1.5,"""Complete confusion""",Couple Leisure,Economy Class,Jul,2.0,1.0,2.0,Boeing 747-400,1.0,London,Olbia
2.2,"""I asked to be put in a hotel""",Solo Leisure,Economy Class,Jul,3.0,4.0,1.0,A320-200,3.0,Rotterdam,London
2.4,"""last we saw of the crew for 4 hours""",Couple Leisure,Economy Class,Jul,3.0,1.0,3.0,B777-200,1.0,Barbados,Gatwick
10.0,"""outstanding courtesy and service""",Solo Leisure,Economy Class,Jun,5.0,5.0,5.0,A380,5.0,Heathrow,Singapore
0.9,"""last ever trip on BA""",Business,Economy Class,Jun,1.0,1.0,1.0,A321,1.0,Madrid,Heathrow
9.4,"""went above and beyond for me""",Solo Leisure,Economy Class,Jun,4.0,5.0,4.0,A319,5.0,Heathrow,Oslo
1.0,"""delayed by over 3hrs""",Business,Economy Class,Jun,1.0,2.0,1.0,A319,2.0,Hamburg,Heathrow
6.5,"""a positive experience""",Solo Leisure,Economy Class,Jun,3.0,3.0,3.0,Boeing 777-200,3.0,New York,London
10.0,"""staff went above and beyond""",Family Leisure,Economy Class,Jun,5.0,5.0,5.0,A321,5.0,Heathrow,New York 
10.0,"""10/10 for this flight""",Family Leisure,Business Class,Jun,4.0,5.0,3.0,Boeing 777-200,5.0,Gatwick,Bermuda
9.6,"""a very enjoyable trip""",Couple Leisure,Business Class,Jun,4.0,5.0,5.0,A320,5.0,Heathrow,Larnaca
5.1,"""Outbound flight was fine""",Couple Leisure,Economy Class,Jun,3.0,2.0,4.0,A320-200,1.0,Gatwick,Cagliari
7.6,"""all in all decent flights""",Couple Leisure,Economy Class,Jun,5.0,4.0,3.0,A320,3.0,Heathrow,Kalamata
5.0,"""the cabin crew were great""",Business,Economy Class,Jun,1.0,4.0,4.0,A321 Neo,2.0,Istanbul,London
4.2,"""return flight was very cold""",Family Leisure,Economy Class,Oct,2.0,2.0,3.0,A321,2.0,Manchester,London
6.3,"""Crew was pretty average""",Solo Leisure,Economy Class,Jan,3.0,3.0,5.0,A350,3.0,London,Dusseldorf
0.5,"""certainly one of the worst""",Solo Leisure,Business Class,Jun,1.0,1.0,1.0,Boeing 787,2.0,London,Seoul 
7.6,"""more cramped than I expected""",Solo Leisure,Economy Class,Jun,2.0,4.0,3.0,A380,4.0,London,Vancouver
3.6,"""ready with another ticket""",Solo Leisure,Economy Class,Jun,2.0,2.0,1.0,A380-800,2.0,Newcastle,London
0.4,"""Not worth the money""",Business,Business Class,Jun,1.0,3.0,2.0,Boeing 747,3.0,Miami,Heathrow
2.5,"""So much for British Airways""",Solo Leisure,Economy Class,Jun,3.0,3.0,1.0,Boeing 747,1.0,London,Singapore
3.6,"""cramped seat with no lights""",Couple Leisure,Economy Class,May,1.0,3.0,4.0,A350,1.0,Phoenix,London
2.8,"""special meal not on either flight""",Solo Leisure,Economy Class,Jun,3.0,4.0,3.0,Boeing 777,1.0,Tel Aviv,London
5.3,"""I might fly them again""",Solo Leisure,Economy Class,Apr,3.0,4.0,3.0,A319,2.0,Belfast ,London
0.1,"""my luggage arrived soaking wet""",Business,Business Class,May,1.0,1.0,1.0,Boeing 787-9,1.0,London,Nashville
9.1,"""high level of service and friendliness""",Solo Leisure,First Class,Jun,5.0,5.0,5.0,B747-400 in retro,5.0,London,Washington DC
0.1,"""wanted to return a day early""",Couple Leisure,Economy Class,May,1.0,1.0,1.0,A319,1.0,London,Tampa
5.3,"""asked me to keep my luggage down""",Business,Economy Class,Jun,4.0,3.0,3.0,A320-200,4.0,London,Bengaluru
7.5,"""first class experience""",Couple Leisure,First Class,May,4.0,5.0,4.0,Boeing 777-200,4.0,London,Delhi
10.0,"""service went from good to superb""",Couple Leisure,Economy Class,May,4.0,5.0,5.0,Boeing 747,4.0,London,Seattle
5.3,"""trying to seat together""",Couple Leisure,Economy Class,May,3.0,4.0,4.0,Boeing 747,3.0,Johannesburg,London
8.7,"""couple of very good flights""",Business,Economy Class,May,3.0,5.0,4.0,A319,3.0,London,Milan
9.2,"""service on this flight was superb""",Couple Leisure,Business Class,May,4.0,5.0,5.0,B737-400,5.0,Durban,Johannesburg
9.2,"""Very nice experience""",Couple Leisure,Business Class,May,4.0,5.0,5.0,Boeing 787,5.0,Heathrow,Los Angeles
6.2,"""an old style business class experience""",Couple Leisure,Business Class,May,3.0,4.0,4.0,Boeing 744,4.0,Cape Town,Heathrow
0.4,"""The legroom was terrible""",Business,Economy Class,May,1.0,1.0,1.0,A321,1.0,Sofia,London
5.6,"""seat was uncomfortable""",Couple Leisure,Economy Class,May,2.0,4.0,4.0,Boeing 777-200,4.0,Lima,Gatwick
3.4,"""comfort was very bad""",Solo Leisure,Economy Class,May,1.0,5.0,4.0,Boeing 747-400,4.0,Inverness,Singapore
4.3,"""expected a better level of attention to detail""",Solo Leisure,Business Class,May,3.0,3.0,3.0,A321 Neo,2.0,Heathrow,Singapore
4.0,"""an hour or so to drop off luggage""",Business,Economy Class,May,4.0,3.0,1.0,Boeing 777-300,2.0,Lyon,London
3.4,"""return flight extremely poor""",Couple Leisure,Economy Class,May,3.0,1.0,3.0,Boeing 777-200,2.0,Gatwick,Barbados
3.3,"""should not have to pay water """,Couple Leisure,Economy Class,May,3.0,1.0,1.0,Boeing 777-300 ER,3.0,Marseille,London
9.4,"""crew were very efficient""",Family Leisure,Business Class,May,4.0,5.0,5.0,Boeing 777-300,5.0,London,Chennai
8.4,"""Overall a decent flight""",Solo Leisure,Economy Class,May,5.0,5.0,4.0,A320,4.0,Gatwick,Malaga
5.1,"""Was very comfortable""",Solo Leisure,Economy Class,May,4.0,4.0,4.0,A380,3.0,Boston,Heathrow
7.4,"""a pretty good flight""",Couple Leisure,First Class,May,4.0,4.0,3.0,Boeing 747-400,4.0,London,Cape Town
8.0,"""the excellent cabin crew""",Couple Leisure,Economy Class,May,3.0,5.0,2.0,Boeing 747-400,3.0,New York,Heathrow 
0.1,"""was very disappointed""",Couple Leisure,Premium Economy,Mar,1.0,1.0,1.0,Boeing 777-300,1.0,London,Shanghai
2.2,"""baggage is always last off""",Business,Business Class,May,3.0,4.0,1.0,A320,4.0,Faro,Heathrow
9.7,"""BA were way ahead of the competition""",Couple Leisure,Economy Class,May,4.0,5.0,4.0,A380,4.0,Vancouver,London
1.5,"""four rows away from my partner""",Couple Leisure,Business Class,May,1.0,4.0,1.0,Boeing 787,1.0,Gatwick,Tenerife
7.5,"""nothing too much trouble""",Business,First Class,May,4.0,4.0,3.0,Boeing 747-400,4.0,Washington DC,London
10.0,"""pleasant and professional""",Solo Leisure,Economy Class,May,5.0,5.0,5.0,Embraer,5.0,Rome Fiumicino,London
1.7,"""disappointing business class""",Business,Business Class,Apr,2.0,1.0,3.0,Boeing 777-200,1.0,London,Shanghai
1.6,"""customer service is horrible""",Couple Leisure,Economy Class,May,3.0,5.0,1.0,A321,2.0,Seattle,London
8.7,"""Thanks to the crew""",Business,Economy Class,Apr,5.0,5.0,4.0,Boeing 787-8,5.0,London,Zurich
10.0,"""impeccable, attentive and delightful""",Solo Leisure,Business Class,Dec,5.0,5.0,1.0,Boeing 787,5.0,London,Calgary
9.3,"""staff were absolutely delightful""",Couple Leisure,Business Class,Apr,5.0,5.0,5.0,Boeing 747,5.0,Vancouver,London
8.2,"""Perfect welcome""",Couple Leisure,Business Class,Apr,4.0,5.0,4.0,Boeing 787-8,4.0,Miami,Heathrow
2.3,"""appears it was a window""",Solo Leisure,Economy Class,Apr,2.0,1.0,2.0,Boeing 747,1.0,Houston,Heathrow
3.7,"""worst business class trip""",Business,Business Class,Apr,2.0,2.0,3.0,Boeing 747-400,2.0,London,Delhi
9.0,"""found the crew very friendly""",Couple Leisure,Economy Class,Apr,3.0,5.0,5.0,Boeing 777-200,4.0,Heathrow,Bengaluru
7.7,"""a very good overall service""",Solo Leisure,Economy Class,Apr,4.0,3.0,4.0,A319,1.0,Dublin,Heathrow
3.1,"""the product is outdated""",Business,Business Class,Apr,4.0,2.0,3.0,Boeing 747-400,3.0,London,Seattle
10.0,"""Flight was good""",Family Leisure,Business Class,Apr,4.0,5.0,4.0,A320,5.0,London,Gibraltar
4.5,"""Not good for business""",Business,Business Class,Mar,2.0,3.0,4.0,Boeing 747,4.0,London,Boston
6.4,"""behind the competition""",Family Leisure,Business Class,Apr,3.0,4.0,5.0,Boeing 787-9,3.0,London,Doha
9.1,"""staff exceptionally friendly""",Couple Leisure,Economy Class,Apr,5.0,5.0,4.0,Boeing 747,5.0,Heathrow,Houston
1.0,"""personal space is so tight""",Business,Business Class,Mar,1.0,4.0,3.0,A320,4.0,Larnaca,London
4.2,"""arrived reasonably promptly""",Solo Leisure,Economy Class,Apr,4.0,1.0,3.0,Boeing 747,1.0,Zurich,London
5.6,"""very professional and pleasant""",Solo Leisure,Economy Class,Apr,5.0,4.0,3.0,Boeing 767,2.0,London,Pisa
10.0,"""a fantastic flight""",Couple Leisure,First Class,Nov,5.0,5.0,5.0,Boeing 787-9,5.0,London,Tokyo Narita
3.4,"""onboard service was abysmal""",Couple Leisure,Business Class,Mar,4.0,1.0,4.0,Boeing 747-400,2.0,Bridgetown,Gatwick
1.3,"""both involuntarily downgraded""",Couple Leisure,Economy Class,Apr,1.0,2.0,1.0,777,1.0,St Lucia,Gatwick
0.8,"""had to have a middle seat""",Solo Leisure,Economy Class,Apr,1.0,1.0,1.0,A380,1.0,Chicago,London
1.8,"""food portions so meagre""",Family Leisure,Economy Class,Sep,3.0,1.0,2.0,Boeing 777-200ER,1.0,London,Bangalore
2.4,"""Seats very uncomfortable""",Solo Leisure,Economy Class,Apr,1.0,3.0,3.0,A320,2.0,Hamburg,Heathrow
6.2,"""nothing has changed""",Family Leisure,Business Class,Mar,5.0,4.0,4.0,Boeing 787-9,2.0,Doha,London
9.9,"""best short haul flight""",Couple Leisure,Business Class,Mar,3.0,5.0,4.0,A320 Neo,5.0,Madrid,London
2.2,"""Very, very mediocre""",Couple Leisure,Economy Class,Mar,2.0,3.0,3.0,A320-200,1.0,Tokyo,London
6.6,"""The crew were excellent""",Solo Leisure,Economy Class,Mar,3.0,5.0,4.0,Boeing 747-400,4.0,London,Vancouver 
7.4,"""Service on board was excellent""",Solo Leisure,First Class,Mar,4.0,5.0,4.0,Boeing 777,2.0,London,Mumbai 
2.8,"""special meal was not available""",Business,First Class,Mar,2.0,2.0,2.0,Boeing 777,1.0,London,Chicago 
5.8,"""my question never answered""",Solo Leisure,Economy Class,Sep,3.0,5.0,5.0,Boeing 787-9,3.0,Leeds Bradford,Heathrow
0.7,"""the worst experience""",Solo Leisure,First Class,Mar,2.0,1.0,3.0,A350,3.0,Dallas,Heathrow
2.6,"""Effectively a budget airline""",Couple Leisure,Economy Class,Mar,1.0,4.0,2.0,A320-200,1.0,Tenerife,Heathrow
0.0,"""such a poor product""",Business,Economy Class,Mar,2.0,3.0,1.0,A320,1.0,Heathrow,Larnaca Cyprus
8.1,"""a good product and service""",Couple Leisure,Business Class,Mar,4.0,5.0,4.0,Boeing 787,5.0,Los Angeles,London
2.1,"""missed my connecting flight""",Solo Leisure,Economy Class,Mar,2.0,5.0,1.0,Boeing 747-400,5.0,London,Phoenix
8.6,"""online website is very clear""",Solo Leisure,Economy Class,Mar,5.0,4.0,5.0,A321,1.0,Rome,London
1.6,"""won't reimburse me""",Couple Leisure,Economy Class,Mar,2.0,2.0,1.0,Boeing 777,2.0,Tampa,Gatwick
1.7,"""effectively a low cost airline""",Couple Leisure,Business Class,Feb,2.0,1.0,3.0,Boeing 777,1.0,Gatwick,St Lucia
9.9,"""a very pleasant flight""",Business,Economy Class,Feb,4.0,5.0,5.0,Boeing 777,3.0,London,Austin
5.0,"""The most miserable rip off""",Family Leisure,Business Class,Mar,1.0,4.0,3.0,A320,2.0,London,Pisa
3.8,"""planes are ancient""",Couple Leisure,Economy Class,Mar,1.0,2.0,1.0,B777,1.0,Edinburgh,London
3.2,"""British Airways are a disgrace""",Couple Leisure,Economy Class,Feb,1.0,3.0,2.0,Boeing 777,2.0,Gatwick,Mauritius
10.0,"""crew on this flight amazing""",Family Leisure,Economy Class,Feb,4.0,5.0,5.0,A320,5.0,Heathrow,New York
1.2,"""Last long haul BA flight""",Solo Leisure,Economy Class,Feb,1.0,4.0,4.0,Boeing 767,1.0,Gatwick,Cape Town
2.9,"""business class is just coach class""",Business,Business Class,Feb,1.0,2.0,1.0,Boeing 777-200ER,1.0,New York,London
0.0,"""out of date airplanes""",Business,Business Class,Feb,1.0,1.0,1.0,B747-400,1.0,Chicago,Heathrow
1.1,"""twenty years out of date""",Business,First Class,Feb,1.0,2.0,1.0,Boeing 747-400,1.0,London,Chicago
1.3,"""no pre-dinner drinks served""",Business,Business Class,Dec,2.0,1.0,4.0,A380,1.0,London,Johannesburg
5.8,"""the breakfast has improved""",Business,Economy Class,Feb,3.0,3.0,3.0,Boeing 787-9,3.0,Doha,Heathrow
9.1,"""knowledgeable and nice agent""",Solo Leisure,Premium Economy,Oct,5.0,5.0,5.0,Boeing 787-9,5.0,Miami,London
7.1,"""worth the price""",Business,Premium Economy,Feb,5.0,4.0,2.0,Boeing 787-9,3.0,London,Seoul
10.0,"""this was a good flight""",Family Leisure,Premium Economy,Feb,4.0,5.0,5.0,Boeing 747-400,4.0,London,New York
5.7,"""negligent in the extreme""",Couple Leisure,Business Class,Feb,4.0,1.0,4.0,Boeing 747-400,2.0,San Diego,London
7.1,"""Much improved, well done""",Business,Business Class,Feb,4.0,4.0,3.0,Boeing 777,4.0,Gatwick,St Lucia
9.3,"""crew were very friendly""",Solo Leisure,Economy Class,Mar,5.0,5.0,5.0,Boeing 777-200,5.0,London,Chennai
3.1,"""pay BA to check the new bag""",Business,Economy Class,Jan,4.0,4.0,1.0,Boeing 777-200ER,4.0,London,Tampa
2.3,"""would be my last choice""",Couple Leisure,Economy Class,Feb,1.0,1.0,2.0,Boeing 787,1.0,Baltimore,Heathrow
3.4,"""is not worth the fare""",Solo Leisure,First Class,Nov,2.0,4.0,3.0,A321,3.0,Bridgetown,Gatwick
1.8,"""IT systems went down""",Couple Leisure,Economy Class,Dec,3.0,5.0,1.0,A320,1.0,London,Athens
1.6,"""overall experience was terrible""",Solo Leisure,Economy Class,Feb,2.0,1.0,2.0,Boeing 787-8,1.0,Amsterdam,London
9.2,"""an amazing experience""",Couple Leisure,Premium Economy,Sep,5.0,4.0,4.0,Boeing 787,5.0,New Orleans,London
6.4,"""both felt a bit disappointed""",Couple Leisure,Business Class,Jan,4.0,3.0,5.0,Boeing 787-9,5.0,Tokyo Narita,Heathrow
9.4,"""cabin staff were fantastic""",Couple Leisure,First Class,Jan,5.0,5.0,5.0,Boeing 777,5.0,London,Tokyo Haneda
1.5,"""Online Check-in did not work""",Business,Premium Economy,Feb,3.0,3.0,1.0,Boeing 787-9,3.0,San Diego,London
1.6,"""don't care about customers""",Business,Business Class,Feb,2.0,3.0,1.0,A320,1.0,Geneva,London
7.2,"""Quick and easy flight""",Family Leisure,Economy Class,Nov,3.0,4.0,4.0,A320,4.0,Heathrow,Paris
6.3,"""an average experience""",Family Leisure,Business Class,Feb,3.0,3.0,3.0,A380,3.0,Johannesburg,London
0.0,"crew were extremely noisy""",Solo Leisure,Economy Class,Feb,3.0,1.0,1.0,A321,3.0,Edinburgh,Heathrow
5.0,"""don't include drinks or snacks""",Solo Leisure,Economy Class,Mar,3.0,3.0,4.0,A380,2.0,Berlin,London
6.9,"""extremely average flight""",Family Leisure,Economy Class,Aug,3.0,4.0,3.0,Boeing 777,3.0,New York,Heathrow
3.4,"""now struggle to see the value""",Business,Economy Class,Nov,3.0,4.0,4.0,Boeing 777,2.0,London,Milan 
1.6,British Airways customer review,Couple Leisure,Economy Class,Jan,2.0,1.0,4.0,A380,4.0,New York,Geneva
5.5,"""reasonable flight""",Couple Leisure,First Class,Jan,4.0,3.0,3.0,A380,3.0,Johannesburg,London
7.1,"""it's showing its age""",Couple Leisure,Business Class,Jan,3.0,4.0,3.0,A380,4.0,London,Johannesburg 
8.4,"""Crew on this sector were good""",Family Leisure,Business Class,Jan,4.0,5.0,4.0,A380,4.0,London,Johannesburg
8.3,"""Excellent short flight""",Business,Business Class,Jan,5.0,5.0,2.0,A320,5.0,London,Dublin
1.8,"""a worn-out Boeing 777""",Couple Leisure,Premium Economy,Jan,1.0,1.0,3.0,Boeing 777,1.0,Bermuda,Gatwick
1.5,"""business class seats were small""",Business,Business Class,Jan,2.0,2.0,2.0,A320,1.0,Kuala Lumpur,London
1.4,"""breakfast served was terrible""",Solo Leisure,Premium Economy,Jan,3.0,4.0,3.0,A380,1.0,Miami,London
3.9,"""bothered by the adjacent toilets""
",Couple Leisure,Premium Economy,Jan,1.0,2.0,4.0,Boeing 777-200,2.0,Antigua,Gatwick
1.4,"""they assigned me a middle seat""",Solo Leisure,Economy Class,Jan,1.0,5.0,5.0,Boeing 787,2.0,Bucharest,Heathrow
2.4,"""Worst long haul business class""",Business,Business Class,Jan,1.0,2.0,3.0,Boeing 747,1.0,London,Miami
6.2,""" a few more inches leg room""",Business,Premium Economy,Jun,3.0,3.0,4.0,Boeing 787 Dreamliner,3.0,London,Calgary
5.0,"""well turned out staff""",Business,Premium Economy,Jun,3.0,4.0,3.0,Boeing 787,3.0,Calgary,London
2.3,"""extremely run down and shabby""",Business,Premium Economy,Jan,2.0,2.0,2.0,Boeing 777-200,2.0,Bangalore,London
0.4,"""offered me no compensation""",Solo Leisure,Economy Class,Nov,2.0,2.0,1.0,Boeing 767,1.0,Barcelona,London
2.1,"""Charging to choose seats""",Solo Leisure,Economy Class,Dec,2.0,3.0,3.0,Boeing 787-9,3.0,Gatwick,Fort Lauderdale
9.7,"""had a great experience""",Couple Leisure,Economy Class,Oct,5.0,5.0,5.0,A321,4.0,Venice,London
0.8,"""Cramped uncomfortable seats""",Couple Leisure,Economy Class,Jan,1.0,1.0,1.0,777,1.0,San Francisco,London
3.1,"""seats booked not given""",Solo Leisure,Economy Class,Oct,4.0,4.0,4.0,Boeing 747,3.0,Heathrow,Vancouver
4.0,"""seats have so little cushion""",Solo Leisure,Economy Class,Jan,1.0,4.0,5.0,A320,1.0,London,Bucharest
6.5,"""dedicated and very professional""",Couple Leisure,Economy Class,Dec,1.0,5.0,4.0,Boeing 777-200,4.0,London,Boston
4.1,"""meal was restaurant quality""",Couple Leisure,Economy Class,Dec,2.0,3.0,4.0,Boeing 747-400,5.0,Boston,London
9.7,"""Thank you British Airways""",Couple Leisure,Economy Class,Jan,5.0,5.0,5.0,A380,5.0,London,Johannesburg
7.8,"""offer some additional comfort""",Solo Leisure,Premium Economy,Dec,4.0,4.0,4.0,Boeing 787-9,4.0,Newark,London
9.2,British Airways customer review,Solo Leisure,Economy Class,Dec,5.0,5.0,5.0,Boeing 777,5.0,London,Mumbai
3.0,"""I think they had overbooked""",Solo Leisure,Premium Economy,Dec,2.0,4.0,2.0,Boeing 767,3.0,Athens,London
3.4,"""gave us some First Class goodies""",Family Leisure,Economy Class,Dec,1.0,3.0,2.0,Boeing 777,2.0,Heathrow,Singapore
6.5,"""most uncomfortable plane""",Solo Leisure,Economy Class,Dec,1.0,3.0,5.0,A320,4.0,Gatwick,Tenerife
1.1,"""a total disappointment""",Couple Leisure,Business Class,Nov,1.0,1.0,2.0,A380,1.0,Johannesburg,London
0.3,"""last time flying with BA""",Solo Leisure,Economy Class,Dec,1.0,4.0,5.0,Boeing 787,3.0,London,Kuala Lumpur
4.0,"""I don't like pasta""",Solo Leisure,Economy Class,Dec,2.0,2.0,1.0,Boeing 747,1.0,Los Angeles,Heathrow
5.6,"""so much BA could do to improve""",Couple Leisure,First Class,Dec,2.0,5.0,3.0,Boeing 777-200,2.0,Gatwick,Barbados
9.0,"""Fantastic first class service""",Solo Leisure,First Class,Dec,5.0,5.0,5.0,Boeing 787-9,5.0,Moscow,London
4.6,"""I felt like a nuisance""",Solo Leisure,Economy Class,Dec,3.0,2.0,3.0,Boeing 787-8,3.0,Johannesburg,London
1.8,"""Poor cabin staff attitude""",Couple Leisure,Business Class,Dec,1.0,1.0,2.0,Boeing 777,2.0,Bridgetown,Gatwick
7.8,"""crew were very friendly""",Couple Leisure,Economy Class,Dec,4.0,5.0,4.0,A319,5.0,Glasgow,London
1.5,"""would not recommend BA""",Business,Business Class,Dec,1.0,1.0,2.0,Boeing 777,1.0,Sydney,Singapore
6.9,"""lacked the wow factor""",Couple Leisure,First Class,Dec,4.0,3.0,3.0,A380,3.0,Johannesburg,London
1.3,"""worst business class""",Business,Business Class,Dec,2.0,1.0,3.0,Boeing 777,1.0,Antigua,Gatwick
0.2,"""First class was third rate""",Couple Leisure,First Class,Dec,2.0,2.0,1.0,Boeing 777,2.0,Gatwick,Barbados
1.3,"""unimpressive amenities and service""",Couple Leisure,Business Class,Nov,2.0,1.0,3.0,Boeing 747-400,1.0,Cape Town,London
10.0,"""wonderful cabin crew""",Business,Economy Class,Dec,4.0,5.0,5.0,A321 Neo,4.0,Kuala Lumpur,London
0.4,"""I didn't like either choice""",Family Leisure,Economy Class,Dec,1.0,1.0,3.0,Boeing 747-400,1.0,Miami,London
9.1,"""a very enjoyable flight""
",Solo Leisure,Premium Economy,Nov,5.0,5.0,5.0,Boeing 747-400,5.0,Gatwick,Tampa
7.8,"""a very enjoyable flight""",Family Leisure,Economy Class,Dec,3.0,4.0,4.0,Boeing 787-9,4.0,Gatwick,Las Vegas
3.8,"""Premium Economy is a joke""",Couple Leisure,Premium Economy,Nov,2.0,3.0,3.0,Boeing 777,1.0,Nassau,London
8.2,"""gesture of professionalism""",Business,Business Class,Nov,5.0,5.0,5.0,Boeing 747,5.0,Phoenix,London
2.4,"""miserable customer service""",Solo Leisure,Economy Class,Nov,2.0,4.0,2.0,Boeing 777,4.0,San Diego,London
8.3,"""an excellent flight""",Couple Leisure,First Class,Nov,5.0,5.0,4.0,A380,5.0,London,Johannesburg
2.2,"""Completely inadequate service""",Business,Business Class,Nov,4.0,5.0,4.0,Boeing 777-200ER,4.0,London,Dubai
7.8,"""the staff were very helpful""",Family Leisure,Economy Class,Nov,5.0,5.0,5.0,Boeing 747-400,4.0,Vancouver,Heathrow
0.5,"""service was below standard""",Solo Leisure,Economy Class,Oct,3.0,1.0,3.0,A380-800,1.0,Boston,London
3.2,"""space around the seat is cramped""",Solo Leisure,Premium Economy,Nov,2.0,3.0,5.0,Boeing 747,2.0,Basel,Heathrow
7.5,"""extremely nice and helpful """,Business,Economy Class,Nov,3.0,5.0,4.0,Boeing 767,4.0,London,Boston
4.7,"""wonderful crew""",Solo Leisure,Business Class,Nov,3.0,5.0,1.0,A320,2.0,Stockholm,London
1.9,"""plane seating is worn out""",Couple Leisure,Economy Class,Nov,1.0,2.0,1.0,Boeing 777-200,1.0,Buenos Aires,London
1.8,"""space is ridiculously narrow""",Business,Business Class,Nov,1.0,2.0,3.0,Boeing 777,2.0,Riyadh,London
1.6,"""would not recommend""",Family Leisure,Economy Class,Nov,1.0,1.0,1.0,Boeing 777-200,1.0,Singapore,Sydney
7.4,"""sufficient seat legroom""",Solo Leisure,Economy Class,Oct,4.0,3.0,3.0,A321,2.0,London,Athens
3.6,"""do not match expectations""",Solo Leisure,Business Class,Oct,3.0,3.0,3.0,Boeing 777-200,2.0,London,Bangkok
2.3,"""operated by Air Belgium""",Solo Leisure,Economy Class,Oct,2.0,1.0,3.0,A340-300,1.0,Abu Dhabi,London
0.5,"""ditch this non responsive airline""",Business,Business Class,Oct,1.0,2.0,2.0,Boeing 777,3.0,Gatwick,Orlando
8.1,"""absolutely great""",Solo Leisure,Business Class,Oct,4.0,4.0,4.0,A319,4.0,Newcastle,London
8.4,"""restored my faith in BA""",Solo Leisure,Economy Class,Oct,5.0,5.0,5.0,A320,3.0,St Petersburg,London
3.7,"""I was disappointed""",Business,Business Class,Oct,1.0,1.0,2.0,Boeing 787-9,2.0,London,Philadelphia
7.5,"""Good improvement""",Business,Business Class,Oct,4.0,5.0,4.0,Boeing 777-200,4.0,Madrid,London
1.5,"""Air conditioning problem""",Couple Leisure,Economy Class,Oct,2.0,1.0,1.0,Boeing 747-400,2.0,London,Cape Town
8.9,"""very smooth and professional""",Solo Leisure,First Class,Oct,5.0,5.0,5.0,A319,4.0,Manchester,London
0.4,"""experience was bad""",Business,Economy Class,Oct,3.0,2.0,1.0,Boieng 777-200,2.0,Bangkok,London
2.0,"""lost my clubs for 7 days""",Solo Leisure,Economy Class,Oct,1.0,3.0,2.0,Boeing 777,3.0,London,Toronto
3.3,"""does not seem to get any better""",Business,Business Class,Oct,2.0,2.0,4.0,A380,1.0,Johannesburg,London
8.7,"""cabin service was good""",Solo Leisure,Business Class,Sep,4.0,5.0,3.0,Boeing 777-300 ER,3.0,Singapore,Heathrow
2.5,"""BA club world is a farce""",Couple Leisure,Business Class,Aug,1.0,1.0,3.0,Boeing 747-400,1.0,London,Los Angeles
4.2,"""BA lacks consistency""",Solo Leisure,Premium Economy,Sep,1.0,5.0,1.0,Boeing 747,3.0,Miami,Heathrow
2.0,"""unbelievably rude and unhelpful""",Couple Leisure,Business Class,Oct,1.0,1.0,1.0,Boeing 747-400,1.0,Heathrow,Milan Malpensa
0.1,"""5 mins too late for me to check in""",Couple Leisure,First Class,Sep,4.0,1.0,1.0,Boeing 787-9,1.0,Calgary,London
2.8,"""aircraft interior was old""
",Solo Leisure,Economy Class,Mar,1.0,3.0,4.0,Boeing 777-200,2.0,London,Bangkok
10.0,"""crew was also very nice""",Family Leisure,Economy Class,Aug,5.0,5.0,4.0,Boeing 747-400,5.0,Heathrow,Miami
8.2,"""crew was very friendly""",Solo Leisure,Economy Class,Sep,5.0,5.0,4.0,A380,5.0,London,Singapore
6.3,"""seating is still hopeless""",Family Leisure,Business Class,Sep,1.0,4.0,4.0,A321,4.0,London,Pisa
6.2,"""seats were the biggest let down""",Business,Premium Economy,Sep,3.0,4.0,5.0,Boeing 787-9,3.0,Kuala Lumpur,Heathrow
5.5,"""BA sort this shambles out""",Couple Leisure,Business Class,Jun,4.0,4.0,1.0,A319,4.0,Los Angeles,London Heathrow 
3.0,"""experience is so lacklustre""",Couple Leisure,Business Class,Sep,1.0,2.0,1.0,A320,2.0,Brindisi,London
1.2,"""dreadful seats by the toilet""",Couple Leisure,Premium Economy,Sep,1.0,1.0,3.0,A380,1.0,Chicago,London
9.7,"""staff was professional""",Solo Leisure,Premium Economy,Aug,5.0,5.0,3.0,Boeing 777,5.0,Riyadh,London
6.3,"""a surprisingly good flight""",Couple Leisure,Economy Class,Sep,4.0,4.0,4.0,A320,3.0,Rome,London
5.8,"""Staff very cheerful""",Business,Business Class,Sep,3.0,4.0,1.0,Boeing 747-400,2.0,Heathrow,New York
8.1,"""This was a great flight""",Couple Leisure,First Class,Sep,4.0,5.0,4.0,Boeing 777-200,5.0,Heathrow,Dubai
7.6,"""staff were very efficient""",Solo Leisure,Business Class,Sep,3.0,5.0,5.0,Boeing 767,5.0,Madrid,Heathrow
3.5,"""experience is second rate""",Couple Leisure,Business Class,Sep,2.0,3.0,2.0,A321,2.0,Heathrow,Brindisi
3.1,"""British Airways is a rip off""",Business,Economy Class,Jul,2.0,3.0,2.0,A320,1.0,London,Madrid
6.4,"""overall job well done""",Solo Leisure,Premium Economy,Aug,3.0,5.0,4.0,Boeing 747,5.0,Glasgow,London
10.0,"""Outstanding crew""",Family Leisure,Business Class,Sep,4.0,5.0,5.0,A319,5.0,Pisa,London
0.9,"""never provide any assistance""",Business,Business Class,Aug,1.0,1.0,2.0,Boeing 747-400,2.0,Madrid,Heathrow
1.2,"""legroom seemed very small""",Solo Leisure,Economy Class,Aug,1.0,1.0,2.0,A350,3.0,Singapore,London
3.1,"""IFE was the size of my wallet""",Solo Leisure,Economy Class,Aug,3.0,3.0,4.0,Boeing 747-400,2.0,Washington DC,London
6.5,"""the food is really poor""",Solo Leisure,Economy Class,Aug,5.0,5.0,4.0,A380,3.0,Heathrow,Hong Kong
3.9,"""the quality becomes worse""",Couple Leisure,Business Class,Aug,1.0,3.0,2.0,A320,2.0,London,Athens
9.7,"""thoroughly recommend it""",Family Leisure,First Class,Jul,5.0,5.0,5.0,A380,5.0,Heathrow,Singapore
3.6,"""no foil covering the food""",Couple Leisure,Premium Economy,Aug,3.0,1.0,4.0,Boeing 787,1.0,Philadelphia,London
0.7,"""choose another airline""",Family Leisure,Economy Class,Jul,1.0,1.0,1.0,Boeing 747-400,1.0,London,Las Vegas
5.3,"""asked if I would like any food""",Business,Business Class,Aug,2.0,2.0,2.0,A321 Neo,1.0,Zagreb,London
0.2,"""totally disappointed""",Family Leisure,Business Class,Aug,4.0,3.0,1.0,A380,3.0,Los Angeles,London
7.3,"""improved on board experience""",Solo Leisure,Premium Economy,Aug,3.0,5.0,4.0,Boeing 777,2.0,Toronto,London
8.0,"""Really very good FA's""",Couple Leisure,Business Class,Jul,4.0,5.0,4.0,A380,4.0,San Francisco,Heathrow
10.0,"""this time they were superb""",Solo Leisure,Economy Class,Aug,5.0,5.0,4.0,Boeing 777-300 ER,2.0,London,Dublin
7.0,"""the seats feel worn out""",Couple Leisure,Economy Class,Jan,3.0,5.0,4.0,A321,5.0,London,Paris
8.0,"""outstanding customer service""",Couple Leisure,Economy Class,Jun,3.0,5.0,4.0,A320,4.0,Amsterdam,London
6.8,""" a very acceptable flight""",Solo Leisure,First Class,Aug,4.0,5.0,5.0,Boeing 777,3.0,New York,London
0.8,"""pathetic compensation""",Couple Leisure,Economy Class,Apr,2.0,1.0,1.0,Boeing 747,1.0,Amman,London
5.3,"""let down by the ground services""",Couple Leisure,Business Class,Jul,3.0,5.0,1.0,A320,3.0,Paphos,Gatwick
7.1,"""Very happy with the service""",Couple Leisure,Business Class,Jul,3.0,5.0,4.0,A320,4.0,Gatwick,Paphos
4.9,"""charges to select Business Class seats""",Family Leisure,Business Class,Jul,2.0,5.0,2.0,Boeing 747-400,2.0,New York,London
8.2,"""a good experience with BA""",Business,Premium Economy,Jul,4.0,5.0,4.0,Boeing 787-9,4.0,London,Santiago de Chile
8.5,"""pay again to pre-reserve seats""",Couple Leisure,Business Class,Jul,4.0,4.0,4.0,Boeing 777,4.0,Heathrow,Seattle Tacoma
7.0,"""overall, it's a good option""",Family Leisure,Economy Class,Jul,4.0,4.0,5.0,A320-200,3.0,Gatwick,Tirana Rinas
7.3,"""the flights were excellent""",Couple Leisure,Economy Class,Jul,5.0,5.0,3.0,A320,5.0,London,Murcia 
1.9,"""gone notably downhill""",Solo Leisure,Business Class,Jul,3.0,4.0,1.0,A321,3.0,London,Amsterdam
2.8,"""Couldn't care less I feel""",Family Leisure,Economy Class,Jul,3.0,1.0,1.0,Boeing 777,1.0,Aberdeen,London
4.6,"""staff was kind and helpful""",Solo Leisure,Economy Class,Jun,3.0,5.0,1.0,A320,5.0,Prague,London
2.5,"""buy-on-board a bug-bear""",Couple Leisure,Economy Class,Jul,2.0,1.0,1.0,A319,1.0,Seville,Gatwick
1.3,"""On arrival no bags""",Couple Leisure,Business Class,Jul,1.0,3.0,4.0,Boeing 787-9,1.0,Gatwick,Barcelona 
8.4,"""an enjoyable experience""",Business,Premium Economy,Jun,4.0,5.0,5.0,Boeing 777,4.0,Hong Kong,Heathrow
6.7,"""food and drink was pretty good""",Solo Leisure,Business Class,Jul,3.0,2.0,3.0,A320,4.0,Faro,Gatwick
6.3,"""a decent enough flight""",Solo Leisure,Business Class,Jul,3.0,4.0,5.0,A320,3.0,Gatwick,Faro
5.4,"""crew were helpful and generous""",Solo Leisure,First Class,May,4.0,5.0,1.0,Boeing 787-9,4.0,Jeddah,London
0.2,"""lounges in Heathrow are overcrowded""",Business,Business Class,Jul,1.0,1.0,1.0,Boeing 777-300 ER,1.0,London,Frankfurt
8.7,"""was nicely impressed""",Solo Leisure,Business Class,Jul,4.0,5.0,3.0,A321,5.0,Gatwick,Malaga
7.0,"""pole vault over passenger's legs""",Couple Leisure,Business Class,May,4.0,3.0,4.0,Boeing 777-200,1.0,Bermuda,Gatwick
5.9,"""seats weren't wide enough""",Business,Economy Class,Jul,2.0,4.0,4.0,Boeing 777-200,4.0,Aberdeen,London
2.7,"""Better service with Ryanair""",Family Leisure,Premium Economy,Jul,3.0,3.0,1.0,A350,2.0,Heathrow,Hong Kong
2.0,"""gate staff should be better trained""",Couple Leisure,Economy Class,Jun,3.0,3.0,1.0,Boeing 777-300 ER,1.0,London,Istanbul
6.7,"""crew welcoming and orderly""
",Solo Leisure,Economy Class,Jul,4.0,4.0,5.0,A320,2.0,Munich,Heathrow
10.0,"""Wonderful service""",Couple Leisure,Business Class,Jul,4.0,5.0,5.0,Boeing 787,5.0,Edinburgh,Florence 
2.0,"""would rather walk to Manchester""",Solo Leisure,Economy Class,Jul,1.0,1.0,1.0,A321 Neo,1.0,Heathrow,Manchester
3.5,"""not provided any explanation""",Business,Business Class,Jun,1.0,5.0,2.0,Boeing 777,4.0,London,Shanghai
1.6,"""seats were uncomfortable""",Family Leisure,Economy Class,Aug,1.0,1.0,4.0,Boeing 777,1.0,London,Tehran
4.2,"""had upgraded people in first""",Business,First Class,Jun,3.0,2.0,3.0,Boeing 747,2.0,Heathrow,Las Vegas
1.8,"""first and last experience""",Couple Leisure,Economy Class,Jun,1.0,1.0,1.0,Boeing 747,1.0,Dublin,London
1.5,"""charged ?65 to bring my bike back""",Family Leisure,Economy Class,Jun,1.0,4.0,1.0,Boeing 787-9,1.0,Johannesburg,Heathrow
0.9,"""queue for bag drop was massive""",Couple Leisure,Economy Class,Jul,1.0,1.0,1.0,A320,1.0,Toronto,London
1.6,"""they did not care""",Couple Leisure,Business Class,Aug,1.0,1.0,1.0,A380,1.0,Rome,Gatwick
7.4,"""always had a great experience""",Solo Leisure,Premium Economy,Jun,5.0,5.0,5.0,Boeing 747-400,3.0,Mumbai,London
6.3,"""Disappointing experience""",Solo Leisure,Business Class,Jun,2.0,3.0,3.0,Boeing 787-9,3.0,Mumbai,Heathrow
6.7,"""satisfied with all aspects""",Solo Leisure,Premium Economy,Jun,4.0,4.0,4.0,Boeing 747,4.0,Delhi,London
4.1,"""seat was below my expectation""",Couple Leisure,Business Class,Jun,2.0,3.0,1.0,Boeing 787-9,3.0,Seychelles,London
10.0,"""return flight was faultless""",Couple Leisure,Business Class,Jun,5.0,5.0,4.0,A320,5.0,Gatwick,Gibraltar
3.5,"""not worth the name anymore""",Business,First Class,Jun,2.0,4.0,2.0,A380,2.0,London,Vancouver
0.2,"""Horrible, horrible service""",Family Leisure,Economy Class,Jun,3.0,5.0,1.0,Boeing 747,5.0,New York,Heathrow
3.5,"""experience has deteriorated significantly""",Business,Business Class,Jun,3.0,1.0,4.0,Boeing 777,1.0,Newark,Heathrow
10.0,"""worlds away from what it used to be""
",Couple Leisure,Business Class,Jun,4.0,5.0,5.0,Boeing 747,5.0,Heathrow,Seattle
3.3,"""last choice in future""",Solo Leisure,Economy Class,Apr,1.0,1.0,4.0,Boeing 747,1.0,London,Johannesburg
1.4,"""unexpected problem with the systems""",Couple Leisure,Premium Economy,Jun,1.0,1.0,2.0,Boeing 787,1.0,Calgary,London
3.3,"""The airline isn't bad""",Business,Economy Class,Jun,3.0,2.0,4.0,Boeing 767,1.0,London,Zurich
6.9,"""charge a large amount for choosing seats""",Couple Leisure,Economy Class,Jun,2.0,4.0,3.0,Boeing 747,4.0,Glasgow,London
4.3,"""aircraft lacked the legroom""",Solo Leisure,Economy Class,Jun,2.0,3.0,4.0,Boeing 787,3.0,Heathrow,Baltimore
0.3,"""an additional ?76 for seat selection""",Couple Leisure,Business Class,Feb,2.0,3.0,3.0,A380,3.0,London,Johannesburg
1.8,"""no one to solve problems""",Couple Leisure,Premium Economy,May,1.0,2.0,1.0,Boeing 777-200,1.0,Los Angeles,London
3.6,"""everything was comfy enough""",Couple Leisure,Economy Class,May,2.0,1.0,3.0,A380,1.0,Tampa,London
4.8,"""FAs went through the motions""",Couple Leisure,Business Class,Jun,2.0,3.0,3.0,Boeing 747-400,2.0,Cape Town,Heathrow
7.8,"""there was little to dislike""",Solo Leisure,Premium Economy,Jun,3.0,5.0,5.0,Boeing 777-200ER,4.0,Toronto,London
10.0,"""very good service indeed""",Couple Leisure,Economy Class,Apr,5.0,5.0,4.0,Boeing 747-400,4.0,London,Chicago
3.0,"""flights to Vancouver abysmal""",Business,First Class,Mar,4.0,1.0,5.0,Boeing 777-300 ER,2.0,Geneva,London
7.0,"""very pleasantly surprised""",Couple Leisure,Business Class,May,4.0,5.0,4.0,A320,5.0,Heathrow,Corfu 
2.1,"""budget airlines can do better""",Couple Leisure,Economy Class,Jun,3.0,1.0,3.0,A320,1.0,Barcelona,Gatwick
2.3,"""little value for money""",Business,Business Class,Jun,1.0,1.0,3.0,Boeing 747-400,2.0,Hong Kong,London
9.7,"""above-and-beyond service""",Solo Leisure,Business Class,May,5.0,5.0,5.0,Boeing 747,4.0,Washington DC,London
0.7,"""nearly three hours late"" ",Solo Leisure,Economy Class,May,3.0,5.0,2.0,A320,1.0,London,Istanbul
6.8,"""a hit-or-miss affair""",Couple Leisure,First Class,May,4.0,2.0,4.0,Boeing 747-400,4.0,London,Cape Town
4.2,"""Avios program is nearly worthless""",Solo Leisure,First Class,May,3.0,4.0,2.0,Boeing 747,3.0,Miami,London
2.8,"""unhelpful and unprofessional""",Solo Leisure,Economy Class,May,2.0,3.0,1.0,A319,1.0,Turin,Gatwick
1.5,"""such a poor quality product""",Business,Business Class,May,1.0,1.0,1.0,A380,1.0,Los Angeles,Heathrow
9.8,"""a lovely flight""",Business,First Class,May,5.0,5.0,5.0,Boeing 777-200,5.0,Dubai,Heathrow
8.4,"""a la carte dining option""",Solo Leisure,Economy Class,May,4.0,3.0,4.0,A380,4.0,Heathrow,Singapore
1.1,"""this experience was a disgrace""",Couple Leisure,Premium Economy,May,1.0,4.0,2.0,Boeing 747-400,2.0,Washington DC,London
3.2,"""IFE is a work of mystery""",Business,Economy Class,May,4.0,2.0,3.0,A380,1.0,Singapore,London
4.4,"""years have not been kind""",Business,Economy Class,May,4.0,3.0,4.0,Boeing 777-200,1.0,Sydney,Singapore
9.2,British Airways customer review,Couple Leisure,Business Class,May,4.0,4.0,4.0,Boeing 777-300 ER,4.0,Malaga,Gatwick
6.1,"""generous hand luggage rules""",Business,Economy Class,May,3.0,5.0,3.0,A321,1.0,Munich,London
7.1,"""Cabin crew were efficient""",Solo Leisure,Economy Class,May,4.0,4.0,4.0,A320,2.0,London,Reykjavik 
3.1,"""very poor cabin service""",Business,Business Class,May,3.0,1.0,3.0,Boeing 747-400,1.0,Cape Town,London
4.6,"""almost a low fare airline""",Couple Leisure,Economy Class,May,1.0,3.0,2.0,Boeing 787,3.0,Washington DC,London
3.9,"""shameful for BA management""",Solo Leisure,First Class,May,3.0,2.0,4.0,Boeing 747,2.0,London,Washington DC
8.8,"""close call to make connections""",Solo Leisure,Economy Class,May,4.0,4.0,3.0,Boeing 747,3.0,Washington DC,London
1.3,"""I had to buy a new return ticket""",Solo Leisure,Economy Class,Mar,3.0,2.0,1.0,A321 Neo,1.0,London,Montreal
4.1,"""legroom was insufficient""",Solo Leisure,Economy Class,May,2.0,2.0,4.0,Boeing 777-300 ER,1.0,Tokyo,London
5.6,"""service was quite prompt""",Business,Business Class,May,3.0,4.0,3.0,A320,2.0,Vienna,Heathrow
2.8,"""pathetic cost cutting antics""",Solo Leisure,Economy Class,May,1.0,1.0,1.0,A320,1.0,Heathrow,Vienna
7.7,"""the service pleasant enough""",Business,Business Class,May,4.0,3.0,4.0,Boeing 747,4.0,London,Phoenix 
9.2,"""cabin crew friendly""",Solo Leisure,Economy Class,Apr,5.0,5.0,2.0,A319,5.0,Brussels,London
8.6,"""I was pleasantly surprised""",Solo Leisure,Economy Class,May,4.0,4.0,4.0,A380,3.0,Chicago,Heathrow
4.8,"""once again disappointed""",Couple Leisure,Economy Class,Apr,4.0,4.0,4.0,A320,2.0,Athens,London
4.8,"""Club World cabin very cramped""",Couple Leisure,Business Class,Apr,2.0,5.0,4.0,Boeing 777,3.0,Hong Kong,London
7.1,"""experience was totally acceptable""",Solo Leisure,Business Class,Apr,4.0,5.0,5.0,A380,4.0,Los Angeles,Heathrow
3.5,"""Terminal 5 was a big mass""",Solo Leisure,Premium Economy,May,3.0,2.0,1.0,A319,2.0,Hamburg,London
6.6,"""An average experience""",Family Leisure,Business Class,Apr,4.0,3.0,4.0,Boeing 787-8,3.0,GIG,Heathrow
2.5,"""no accessory pack of eye shades""",Solo Leisure,Premium Economy,Apr,1.0,1.0,4.0,Boeing 747,1.0,Heathrow,Vancouver
8.7,"""crew were excellent""",Business,Business Class,Apr,4.0,5.0,4.0,Boeing 767,4.0,Madrid,London
3.9,"""It was all handled very poorly""",Business,Business Class,Mar,2.0,5.0,2.0,A380,4.0,Singapore,London
1.5,"""no real added value""",Couple Leisure,Economy Class,Apr,3.0,3.0,2.0,Boeing 777-300 ER,1.0,London,Budapest
7.9,"""a solid performance""",Family Leisure,Business Class,Apr,4.0,4.0,5.0,Boeing 777-300,4.0,London,Sao Paulo
0.3,"""Worst BA flight ever!""",Couple Leisure,Business Class,Apr,1.0,1.0,1.0,Boeing 777,1.0,Tampa,Gatwick
0.2,"""one expects a degree of comfort""",Business,Business Class,Feb,1.0,1.0,1.0,A319,1.0,Heathrow,Dusseldorf
3.5,"""crew professional and friendly""",Business,Business Class,Apr,2.0,5.0,1.0,A320,1.0,Madrid,London
1.7,"""this change is not acceptable""",Business,Business Class,Mar,1.0,4.0,1.0,A321,1.0,London,Moscow
8.2,"""recent BA experience was positive""",Solo Leisure,Economy Class,Mar,4.0,4.0,4.0,Boeing 747-400,4.0,Miami,London
3.8,"""cheaper than competitors""",Couple Leisure,Economy Class,Dec,2.0,2.0,3.0,A319,1.0,Gatwick,Barbados
4.6,"""among the most greedy airlines""",Solo Leisure,Economy Class,Apr,3.0,3.0,3.0,Boeing 747-400,3.0,Heathrow,Dallas
3.8,"""the seat pitch is ridiculous""",Business,Business Class,Apr,2.0,3.0,3.0,A320,1.0,London,Copenhagen 
2.0,"""it's become a last resort""",Business,Economy Class,Apr,3.0,3.0,2.0,Boeing 767,1.0,Istanbul,London
0.3,"""Unprofessional staff, uncomfortable seats""",Family Leisure,Premium Economy,Apr,1.0,1.0,1.0,A380,2.0,Los Angeles,London
0.0,"""started with a 2.5 hours delay""
",Business,Economy Class,Apr,2.0,1.0,1.0,A321,1.0,Belfast,London
4.9,"""Boarding was chaotic""",Solo Leisure,Economy Class,Apr,3.0,2.0,2.0,A321 Neo,2.0,Naples,Gatwick
4.6,"""Not value for money""",Family Leisure,Premium Economy,Apr,2.0,1.0,2.0,Boeing 777-300,2.0,Sao Paulo,Heathrow
0.5,"""nothing special, such a disappointment""",Couple Leisure,Premium Economy,Feb,2.0,2.0,1.0,A380,2.0,Dallas,Heathrow
4.0,"""service was outstanding""",Family Leisure,Economy Class,Apr,1.0,5.0,1.0,Boeing 777,2.0,Heathrow,New York
10.0,"""Efficient staff""",Family Leisure,Premium Economy,Apr,4.0,5.0,5.0,Boeing 787-9,5.0,Heathrow,Cairo 
1.6,"""complete waste of money""",Couple Leisure,Business Class,Mar,2.0,2.0,3.0,Boeing 777,2.0,St Lucia,Gatwick
5.3,"""well below BA's competitors""",Couple Leisure,Business Class,Mar,2.0,3.0,3.0,Boeing 777-200,3.0,Fort Lauderdale,Gatwick
6.8,"""additional payment to select seats""",Family Leisure,Business Class,Mar,4.0,5.0,4.0,Boeing 747,4.0,Dubai,Heathrow
2.9,"""outdated, unclean and uncomfortable""",Couple Leisure,Economy Class,Mar,2.0,4.0,2.0,A320,1.0,London,Las Vegas 
9.4,"""the utmost courtesy and assistance""",Solo Leisure,Economy Class,Mar,4.0,5.0,5.0,A320-200,5.0,Tampa,Gatwick
6.2,"""pleasantly surprised to be upgraded""",Business,Economy Class,Mar,3.0,4.0,5.0,A320,4.0,Heathrow,Keflavik
6.9,"""crew very friendly and professional""",Solo Leisure,First Class,Mar,5.0,4.0,4.0,Boeing 787-9,4.0,London,Muscat
1.3,"""entertainment was not working""",Family Leisure,Economy Class,Mar,2.0,2.0,2.0,Boeing 747-400,2.0,Cape Town,London
4.3,"""staff try so very hard to please""",Family Leisure,Business Class,Mar,2.0,4.0,2.0,A320,3.0,Gatwick,Madeira
2.3,"""regret choosing BA""",Solo Leisure,Economy Class,Mar,3.0,3.0,3.0,Boeing 747-400,2.0,Hyderabad,London
8.0,"""an entirely reasonable flight""",Couple Leisure,Business Class,Mar,3.0,4.0,4.0,Boeing 777-200,4.0,Gatwick,Fort Lauderdale 
10.0,"""one of the most pleasurable flights""",Family Leisure,Business Class,Mar,5.0,5.0,5.0,Boeing 747-400,5.0,London,Helsinki
10.0,"""gratitude and appreciation""",Solo Leisure,Economy Class,Mar,5.0,5.0,5.0,A380-800,5.0,Heathrow,Denver
3.7,"""I had to ask where is my food""",Solo Leisure,Economy Class,Mar,3.0,3.0,4.0,Boeing 787-9,1.0,Heathrow,Kuala Lumpur
1.7,"""you are facing a stranger""",Business,Business Class,Mar,1.0,2.0,4.0,Boeing 777-200,1.0,Bangkok,London
6.3,"""service was really good""",Couple Leisure,Business Class,Mar,3.0,4.0,3.0,A380-800,4.0,Beijing,London
5.6,"""not much structure to service""",Couple Leisure,Business Class,Mar,3.0,2.0,3.0,Boeing 787-9,3.0,London,Beijing
1.8,"""served the worst food""",Couple Leisure,Economy Class,Mar,1.0,2.0,1.0,Boeing 777,1.0,Bangkok,London
3.2,"""cabin staff were almost robotic""",Solo Leisure,Economy Class,Feb,2.0,1.0,1.0,Boeing 777,1.0,Moscow,Heathrow
3.0,"""no one to escort you to the seat""",Business,First Class,Oct,4.0,1.0,2.0,Boeing 787-9,1.0,Heathrow,Delhi
7.5,"""service is very attentive and polite""",Solo Leisure,Economy Class,Mar,3.0,4.0,4.0,Boeing 777-200,1.0,Belfast,London
2.4,"""Worn seats, cracks in the walls""",Business,Economy Class,Mar,2.0,3.0,3.0,Boeing 747-400,3.0,Miami,London
7.0,"""service attentive and prompt""",Business,Business Class,Mar,1.0,4.0,4.0,A320,5.0,Warsaw,London
5.8,"""crew were very pleasant""",Business,Economy Class,Mar,4.0,2.0,5.0,Boeing 767,2.0,Lisbon,Heathrow
0.7,"""don't have spare water"" ",Business,Premium Economy,Mar,1.0,1.0,1.0,A380,1.0,Singapore,Heathrow
1.2,"""seat was claustrophobic""",Business,Business Class,Feb,1.0,1.0,1.0,Boeing 777,1.0,Chicago,London
6.8,"""it did not disappoint me""",Solo Leisure,Economy Class,Feb,3.0,4.0,4.0,Boeing 787,3.0,Heathrow,Toronto
0.5,"""my worst experience in business class""",Business,Business Class,Feb,3.0,1.0,3.0,A380,1.0,London,Hong Kong
9.0,"""you would expect a better meal""",Solo Leisure,Premium Economy,Feb,5.0,5.0,5.0,A380,3.0,Miami,Heathrow
1.0,"""I will never fly BA again""",Couple Leisure,First Class,Jul,1.0,5.0,1.0,Boeing 747,1.0,London,Phoenix
1.7,"""a miserable experience""",Couple Leisure,Business Class,Feb,1.0,2.0,2.0,Boeing 777,2.0,London,Istanbul
0.7,"""at least a decade out of date""
",Business,Business Class,Feb,1.0,1.0,3.0,Boeing 747-400,1.0,Chicago,Heathrow
4.9,"""meals were served very slowly""
",Couple Leisure,Premium Economy,Feb,2.0,3.0,3.0,Boeing 747,2.0,Heathrow,Miami
7.7,"""Boarding was disappointing""",Solo Leisure,Economy Class,Dec,4.0,5.0,3.0,Boeing 777,4.0,London,Bombay
1.2,"""so much for a full-service airline""",Couple Leisure,Business Class,Feb,2.0,3.0,3.0,A319,2.0,Manchester,Heathrow
2.6,"""journey was very irritating""",Solo Leisure,Economy Class,Feb,1.0,1.0,2.0,A321 Neo,1.0,New Orleans,London
2.5,"""Extremely dated aircraft""",Business,Business Class,Jan,1.0,4.0,2.0,Boeing 777-200ER,2.0,London,Athens
5.4,"""food has noticeably improved""",Couple Leisure,Economy Class,Feb,4.0,3.0,4.0,Boeing 777,4.0,Gatwick,Cape Town
0.8,"""really poor food""",Couple Leisure,Economy Class,Feb,2.0,1.0,1.0,Boeing 787-8,1.0,Las Vegas,Heathrow
7.3,"""crew very attentive""",Solo Leisure,Business Class,Feb,5.0,5.0,4.0,A321,5.0,Aberdeen,Heathrow
7.3,"""Very satisfied with BA""",Solo Leisure,Business Class,Feb,3.0,5.0,4.0,A320,5.0,Dusseldorf,London
1.3,"""utterly appalling food""",Solo Leisure,Economy Class,Feb,3.0,5.0,4.0,Boeing 777,1.0,Orlando,Gatwick
10.0,"""I was very pleasantly surprised""",Solo Leisure,Economy Class,Jan,5.0,5.0,5.0,A380,3.0,London,Johannesburg
7.1,"""cabin staff polite and friendly""",Business,Business Class,Feb,3.0,4.0,3.0,Boeing 787-9,3.0,Chicago,Heathrow
2.9,"""I was downgraded""
",Couple Leisure,Business Class,Jan,2.0,2.0,2.0,Boeing 777,2.0,Rio de Janiero,London
1.3,"""A very unpleasant experience""",Solo Leisure,Premium Economy,Feb,2.0,1.0,2.0,Boeing 777,1.0,London,Bengaluru
8.4,"""BA did a good job""",Couple Leisure,Economy Class,Jan,3.0,4.0,4.0,Boeing 777-300 ER,4.0,Houston,Heathrow
3.7,"""have to pay for food and beverages""",Couple Leisure,Economy Class,Feb,4.0,4.0,1.0,A321,1.0,Reykjavik,London
7.5,"""a flight with no problems""",Solo Leisure,Economy Class,Jan,3.0,3.0,3.0,A319,3.0,Johannesburg,Cape Town
7.2,"""good flight and service""",Solo Leisure,Business Class,Jan,5.0,4.0,4.0,A320,4.0,Heathrow,Belfast
1.8,"""Service was inattentive at best""",Business,Business Class,Jan,1.0,2.0,1.0,A380,2.0,Singapore,Heathrow
5.6,"""if we want anything, get it yourself""",Solo Leisure,Business Class,Jan,3.0,3.0,2.0,Boeing 777,3.0,Gatwick,Tobago
0.6,"""British Airways is cutting corners""",Business,Business Class,Jan,1.0,1.0,3.0,A319,2.0,Gatwick,Turin
1.1,"""policy is arbitrary and unfair""",Solo Leisure,Economy Class,Jan,1.0,1.0,1.0,A319,3.0,Warsaw,Heathrow
4.7,"""Six hours before it was cancelled""",Solo Leisure,Economy Class,Jan,3.0,4.0,3.0,A320-200,3.0,Heathrow,Vancouver
6.7,"""asked to pay extra to book specific seats""",Couple Leisure,Business Class,Jan,2.0,4.0,2.0,A321 Neo,4.0,Heathrow,Madrid
2.6,"""My suitcase didn't arrive""",Solo Leisure,Economy Class,Dec,2.0,4.0,1.0,A320,1.0,London,Dusseldorf
0.8,"""staff attitude so nonchalant""",Solo Leisure,Business Class,Dec,1.0,1.0,2.0,Boeing 747-400,1.0,Johannesburg,London
8.1,"""pulling in the right direction""",Couple Leisure,Business Class,Jan,5.0,5.0,5.0,Boeing 777-200,5.0,London,Bangkok
9.6,"""British Airways is always a good choice""",Solo Leisure,Business Class,Dec,5.0,5.0,5.0,A320,5.0,Gatwick,Rome Fiumicino
9.7,"""impressed with level of service"" ",Solo Leisure,Business Class,Jan,4.0,5.0,3.0,Boeing 787-9,5.0,San Jose,Heathrow
1.6,"""an awful experience""",Business,Business Class,Dec,1.0,1.0,1.0,Boeing 777,1.0,Dubai,London
5.4,"""full-service airline or low cost""",Business,Economy Class,Jan,3.0,5.0,4.0,E170,1.0,London,Dusseldorf
0.0,"""such a poor service""",Family Leisure,Economy Class,Nov,1.0,1.0,2.0,Boeing 747,2.0,New York,London
8.9,"""should get behind out national carrier""",Solo Leisure,Economy Class,Jan,3.0,4.0,4.0,Boeing 777,4.0,Bangkok,Heathrow
7.9,"""there's room for improvement""",Couple Leisure,Economy Class,Jan,5.0,5.0,4.0,E190,3.0,Rotterdam,London
10.0,"""cabins are in need of refurbishment""",Solo Leisure,First Class,Jan,5.0,5.0,4.0,Boeing 747-400,5.0,Chicago,Heathrow
8.4,"""need to roll out promised changes""",Couple Leisure,First Class,Jan,4.0,4.0,3.0,Boeing 777-200,4.0,Toronto,London
0.9,British Airways customer review,Solo Leisure,Economy Class,Jan,1.0,2.0,1.0,Boeing 747,1.0,Las Vegas,London
2.2,"""a terrible flight""",Business,Business Class,Jan,2.0,1.0,3.0,Boeing 777,1.0,London,Dubai
0.0,"""go with a budget airline""",Solo Leisure,Economy Class,Jan,1.0,1.0,1.0,Boeing 747-400,1.0,Amsterdam,London
7.9,"""I was pleasantly surprised""",Solo Leisure,Economy Class,Dec,5.0,5.0,4.0,A380,4.0,London,Johannesburg
0.6,"""BA is now as bad as Ryanair""",Business,Business Class,Oct,1.0,2.0,1.0,Boeing 747-400,1.0,Gatwick,Funchal
3.3,"""I was sorely disappointed""",Solo Leisure,Premium Economy,Dec,1.0,3.0,2.0,Boeing 747-400,4.0,London,Cape Town
8.5,"""their staff is the best""",Family Leisure,First Class,Dec,4.0,5.0,4.0,Boeing 777-300 ER,5.0,Hong Kong,London
1.4,"""BA gets worse and worse""",Couple Leisure,Business Class,Dec,1.0,1.0,1.0,A321,1.0,Dublin,Heathrow
1.3,"""don't waste your money flying BA""",Couple Leisure,Economy Class,Nov,1.0,1.0,3.0,Boeing 747-400,1.0,London,New York
7.2,"""plane was very outdated""",Family Leisure,Economy Class,Dec,4.0,4.0,3.0,Boeing 747-400,4.0,New York,London
3.2,"""worst business class I have flown""",Family Leisure,Business Class,Jul,2.0,4.0,3.0,Boeing 777,2.0,Budapest,London
6.3,"""The attendants were polite""",Solo Leisure,Premium Economy,Dec,4.0,4.0,5.0,A380,4.0,London,Hong Kong
1.9,"""bad service with delayed luggage""",Solo Leisure,Economy Class,Dec,2.0,4.0,1.0,Boeing 747-400,2.0,London,Montreal
0.4,"""currently looking for the luggage""",Family Leisure,First Class,Dec,3.0,3.0,1.0,Boeing 777,1.0,London,Houston
0.3,"""Absolutely horrendous experience""",Couple Leisure,Economy Class,Dec,1.0,1.0,1.0,A319,1.0,Las Vegas,London
3.1,"""biggest disappointment was the cabin crew""",Solo Leisure,Economy Class,Dec,2.0,1.0,4.0,Boeing 747-400,2.0,Dubai,Heathrow
1.3,"""cancelled due to heavy snow""",Solo Leisure,Economy Class,Dec,1.0,1.0,1.0,Boeing 747-400,1.0,New York,London
1.6,"""I was very hungry throughout the service""",Solo Leisure,Economy Class,Dec,2.0,1.0,2.0,Boeing 777-200,1.0,Tokyo Narita,Heathrow
1.6,"""a poor economy class product""
",Family Leisure,Economy Class,Oct,1.0,1.0,1.0,A320,1.0,London,Pisa
0.7,"""no longer a full service airline""",Family Leisure,Economy Class,Oct,1.0,1.0,1.0,A320,1.0,London,Toulouse
9.4,"""Lovely, friendly crew""",Solo Leisure,Business Class,Nov,5.0,5.0,4.0,Boeing 787-900,4.0,London,Santiago 
7.3,"""little to complain about""",Solo Leisure,Premium Economy,Nov,4.0,4.0,4.0,Boeing 777,4.0,London,Seattle
8.0,"""policy of charging to book a seat""",Solo Leisure,Premium Economy,Nov,4.0,4.0,4.0,Boeing 777,3.0,Seattle,London
2.7,"""the worst travel experience""",Business,Economy Class,Dec,2.0,2.0,1.0,Boeing 747-400,3.0,Vancouver,London
2.8,"""Noticeable cost cutting measures""",Solo Leisure,First Class,Nov,2.0,2.0,4.0,A319,1.0,London,Berlin Tegel
1.5,"""1st product is very mediocre""",Family Leisure,First Class,Nov,3.0,4.0,3.0,Boeing 777-200,2.0,Heathrow,Dubai
2.7,"""sad experience from our national carrier""",Family Leisure,First Class,Nov,3.0,2.0,2.0,Boeing 777-200,2.0,Dubai,Heathrow
3.5,"""BA quality is severely lacking""",Business,Business Class,Nov,2.0,3.0,4.0,Boeing 777-200,2.0,Saint Lucia,Gatwick
7.7,"""fast and efficient service""",Business,Business Class,Nov,4.0,5.0,4.0,A320,4.0,Heathrow,Belfast
1.9,"""it's just spiralling down""",Solo Leisure,Economy Class,Nov,1.0,1.0,1.0,A350,3.0,London,Miami
9.4,"""new improvements are excellent""",Couple Leisure,Business Class,Nov,4.0,5.0,4.0,Boeing 747-400,5.0,Heathrow,New York
1.1,"""unreliable, unprofessional airline""",Business,Economy Class,Sep,1.0,1.0,1.0,A321 Neo,1.0,Berlin,London
10.0,"""pleasure to fly with a great airline""",Solo Leisure,Economy Class,Nov,5.0,5.0,5.0,A321 Neo,5.0,Funchal,London Gatwick 
2.9,"""One issue after another!""",Couple Leisure,Business Class,Aug,4.0,5.0,3.0,A321,4.0,Newcastle,Heathrow
4.7,"""BA needs to improve and fast""",Couple Leisure,Business Class,Oct,1.0,3.0,1.0,A320-200,3.0,Manchester,London
4.3,"""a no frills business class""",Couple Leisure,Business Class,Oct,2.0,3.0,2.0,Boeing 777,2.0,Heathrow,Doha
2.9,"""British Airways is seriously lacking""",Couple Leisure,Economy Class,Nov,3.0,1.0,3.0,Boeing 777-300,1.0,Singapore,Sydney
1.3,"""BA is shameless and embarrassing""",Business,Economy Class,Nov,2.0,1.0,1.0,A320,1.0,Heathrow,Basel
2.8,"""poor quality product crew have to support""",Couple Leisure,Economy Class,Nov,1.0,5.0,3.0,Boeing 747,1.0,Miami,Heathrow
1.7,"""the worst airline I have flown""",Business,Business Class,Nov,1.0,1.0,1.0,Boeing 747-400,1.0,Prague,London
9.5,"""An excellent flight""",Couple Leisure,First Class,Nov,4.0,5.0,4.0,Boeing 747-400,5.0,Cape Town,London
5.3,"""the CEO is running BA to the ground""",Business,Premium Economy,Sep,2.0,4.0,5.0,Boeing 777-200ER,3.0,Bangkok,Heathrow
6.6,"""solid product and excellent crew""",Solo Leisure,First Class,Nov,5.0,4.0,2.0,Boeing 777-200,5.0,Tel Aviv,London
6.2,"""was a very enjoyable flight""",Solo Leisure,Business Class,Nov,5.0,4.0,4.0,Boeing 777-200,4.0,London,Tel Aviv
6.1,"""The service was brusque""",Family Leisure,Economy Class,Nov,4.0,3.0,3.0,Boeing 787,2.0,Kuala Lumpur,London
5.5,"""inflight service was very poor""",Solo Leisure,Economy Class,Nov,3.0,1.0,2.0,A319,1.0,Madrid,Heathrow
1.4,"""this was not acceptable""",Couple Leisure,Economy Class,Oct,1.0,1.0,4.0,Boeing 747-400,2.0,Bologna,Heathrow
0.3,"""prepare to be nickled and dimed""",Couple Leisure,Economy Class,Nov,1.0,2.0,1.0,Boeing 787-8,1.0,Baltimore,London
7.4,"""In-flight service good""",Couple Leisure,Business Class,Nov,4.0,4.0,4.0,A380,4.0,Heathrow,Johannesburg
2.0,"""will think twice before choosing again""",Solo Leisure,Economy Class,Nov,4.0,1.0,5.0,A321 Neo,3.0,Heathrow,Brussels
2.0,"""a functional, disinterested service""
",Solo Leisure,Premium Economy,Oct,1.0,1.0,3.0,Boeing 767,1.0,London,San Francisco
5.5,"""BA is just too cheap on it's product""",Solo Leisure,Business Class,Jan,3.0,4.0,2.0,Boeing 787,2.0,Heathrow,Seoul Incheon
5.4,"""BA is way behind other carriers""",Solo Leisure,Business Class,Dec,3.0,3.0,4.0,Boeing 787,3.0,Seoul Incheon,Heathrow
1.1,"""It was the most uncomfortable flight""",Business,Economy Class,Nov,1.0,1.0,3.0,Boeing 747,1.0,Cape Town,London
4.3,"""Cost cutting was in evidence""",Solo Leisure,Business Class,Nov,2.0,3.0,1.0,Boeing 767,3.0,Heathrow,Bahrain
7.1,"""crew amazingly helpful""",Family Leisure,Business Class,Oct,4.0,5.0,4.0,Boeing 747,2.0,London,Philadelphia
1.5,"""extra cost not justified""",Business,Business Class,Nov,1.0,3.0,3.0,Boeing 767,3.0,London,Edinburgh
1.2,"""requested Asian vegetarian food""",Family Leisure,Economy Class,Oct,1.0,1.0,1.0,A321 Neo,1.0,Oakland,Gatwick
2.3,"""continually disappointed by British Airways""",Business,Economy Class,Aug,3.0,4.0,2.0,A321,2.0,Dusseldorf,London
5.6,"""need to clean the planes more often""",Couple Leisure,Business Class,Nov,3.0,4.0,4.0,Boeing 787-9,3.0,London,Santiago
3.1,"""Complete rip-off sums it up""",Business,Business Class,Nov,2.0,3.0,3.0,Boeing 747-400,2.0,London,New York
0.8,"""exactly the same width and pitch""",Couple Leisure,Business Class,Oct,1.0,3.0,1.0,A321,3.0,Johannesburg,Victoria Falls
1.1,"""disappointed with the return flight""",Couple Leisure,Business Class,Oct,3.0,4.0,5.0,Boeing 777-200,2.0,London,Mumbai
1.9,"""The worst customer service""",Business,Economy Class,Nov,1.0,1.0,1.0,A321,1.0,Heathrow,Lyon
0.5,"""Absolutely appalling service""",Couple Leisure,Economy Class,Nov,1.0,1.0,1.0,A319,1.0,London,New York
0.4,"""I had a horrid experience""",Solo Leisure,Economy Class,Nov,1.0,1.0,2.0,A321 Neo,1.0,Kingston,Gatwick
1.3,"""just getting worse and worse""",Business,Business Class,Oct,1.0,3.0,2.0,A380,1.0,Singapore,London
7.8,"""a better BA experience""",Couple Leisure,Business Class,Oct,2.0,5.0,4.0,A320,5.0,London,Rome
2.1,"""ashamed this is my national airline""",Solo Leisure,Premium Economy,Sep,1.0,1.0,1.0,A380,1.0,Heathrow,Dubai
3.5,"""one of the worst flights""",Solo Leisure,Economy Class,Oct,1.0,2.0,2.0,Boeing 777,1.0,Tokyo Haneda,Heathrow
2.2,"""today just another 2 star airline""",Business,Business Class,Oct,2.0,2.0,1.0,Boeing 787-8,1.0,London,Toronto
4.7,"""BA is now grossly overpriced""",Business,First Class,Oct,3.0,4.0,3.0,Boeing 747-400,3.0,New York,London
7.2,"""on-board experience was good""",Solo Leisure,Economy Class,Jul,4.0,4.0,4.0,A380,4.0,Los Angeles,Heathrow
6.0,"""pleasant and well organised""",Solo Leisure,Economy Class,Oct,4.0,4.0,4.0,A320,2.0,Gatwick,Cagliari
1.1,"""deplorable customer service""",Couple Leisure,Business Class,Oct,1.0,4.0,1.0,A320-200,2.0,Shanghai,Heathrow
3.0,"""gripe is about the current food service""",Couple Leisure,Economy Class,Oct,3.0,1.0,4.0,A320,1.0,Gatwick,Marrakech
7.4,"""this flight was fine""",Solo Leisure,Business Class,Oct,4.0,4.0,4.0,A321 Neo,3.0,Oakland,Heathrow
2.8,"""now becoming as bad as Ryanair""",Family Leisure,Economy Class,Sep,3.0,4.0,3.0,Boeing 777-300,1.0,London,Sofia
3.1,"""a dismal airline to fly with""",Solo Leisure,Economy Class,Oct,3.0,2.0,3.0,A380,2.0,Singapore,Heathrow
2.2,"""budget airline at premium price""",Business,Economy Class,Oct,2.0,2.0,2.0,A320,1.0,London,Zurich
7.5,"""Cabin crew chatting and ignored me""",Couple Leisure,Economy Class,Oct,3.0,3.0,4.0,A319,1.0,Bari,Gatwick
4.7,"""service levels are dropping so low""",Couple Leisure,Economy Class,Sep,3.0,2.0,3.0,A320,2.0,Heathrow,Gibraltar
2.0,"""Time to find a new CEO I think""",Couple Leisure,Business Class,Oct,1.0,5.0,3.0,A319,3.0,Pisa,London
0.5,"""at best a three star airline""",Business,First Class,Sep,1.0,1.0,1.0,Boeing 747-400,1.0,Las Vegas,Heathrow
9.4,"""Impressed with legroom on E190""",Family Leisure,Economy Class,Sep,5.0,4.0,4.0,E190,4.0,London,Edinburgh
7.3,"""a good deal on the flight""",Solo Leisure,Business Class,Oct,4.0,5.0,2.0,A320,4.0,Faro,Gatwick
1.8,"""the experience was shameful""",Solo Leisure,Economy Class,Oct,4.0,1.0,5.0,A380,2.0,Los Angeles,Heathrow
1.6,"""crew seem genuinely fed up""",Business,Economy Class,Oct,2.0,1.0,1.0,Boeing 777-300 ER,1.0,Malaga,Gatwick
2.5,"""how disappointed I was""",Solo Leisure,Economy Class,Oct,2.0,2.0,2.0,Boeing 777,1.0,Heathrow,Bangkok
7.1,"""do not care for passengers""",Couple Leisure,Economy Class,Oct,3.0,3.0,2.0,A319,1.0,Gatwick,Bari
10.0,"""very pleasant crew """,Family Leisure,Business Class,Oct,5.0,5.0,3.0,A319,5.0,Malaga,Gatwick
10.0,"""food was well presented""",Family Leisure,Business Class,Oct,5.0,5.0,4.0,A319,5.0,Gatwick,Malaga
0.4,"""Deliberate extortion""",Business,Economy Class,Oct,1.0,2.0,1.0,Boeing 777-300 ER,1.0,Heathrow,Nice
2.2,"""depths to which BA have descended""",Couple Leisure,Business Class,Sep,3.0,2.0,3.0,Boeing 747-400,4.0,Gatwick,Orlando
2.5,"""I won't fly with them again""",Solo Leisure,Premium Economy,Aug,5.0,3.0,1.0,A319,4.0,London,Abu Dhabi
8.0,"""Overall a good flight""",Solo Leisure,Business Class,Oct,3.0,4.0,4.0,A319,4.0,Gatwick,Faro
2.9,"""true case of rip-off BA""",Business,Economy Class,Oct,3.0,3.0,3.0,Boeing 747-400,1.0,London Heathrow ,Madrid
4.1,"""truly disappointed with BA""",Solo Leisure,Economy Class,Sep,1.0,2.0,3.0,A320-200,2.0,Grand Cayman,London
2.3,"""I tried BA, never again""",Couple Leisure,Economy Class,Sep,1.0,2.0,3.0,A320-200,2.0,Sydney,London
1.8,"""provided a chaotic service""",Couple Leisure,Business Class,Oct,4.0,1.0,1.0,A320,1.0,Funchal,Gatwick
9.2,"""would highly recommend""",Family Leisure,Economy Class,Sep,5.0,5.0,5.0,Boeing 777-200ER,4.0,Orlando,Gatwick
5.6,"""shocked me with the budget low cost style""",Solo Leisure,Economy Class,Oct,4.0,4.0,4.0,A320,2.0,Leeds Bradford,Heathrow
6.4,"""food was embarrassing bad""",Business,Business Class,Oct,2.0,3.0,4.0,A380,1.0,Los Angeles,London
2.7,"""is quite clearly in decline""",Couple Leisure,Economy Class,Aug,2.0,1.0,2.0,A321,1.0,Heathrow,Istanbul
7.4,"""no further decline in service""",Business,Premium Economy,Sep,1.0,3.0,4.0,Boeing 777-200,1.0,Toronto,London
5.2,"""cost of the luggage was outrageous """,Solo Leisure,Economy Class,Sep,3.0,4.0,4.0,Boeing 747-400,2.0,Gatwick,Malaga
6.6,"""a service of 2 halves""",Solo Leisure,Economy Class,Sep,3.0,5.0,3.0,A321,2.0,London,Sofia
1.6,"""now worse than Ryanair""",Business,Business Class,Sep,1.0,1.0,1.0,Boeing 787-9,1.0,Geneva,London
3.7,"""used to be a nice airline""",Couple Leisure,Business Class,Sep,2.0,3.0,4.0,Boeing 747-400,1.0,Barcelona,London
2.4,"""BA has fallen even lower""",Business,Business Class,Sep,2.0,3.0,1.0,Boeing 787,1.0,London,New York
9.3,"""was a good experience""",Business,Economy Class,Sep,5.0,5.0,4.0,Boeing 777,5.0,Port of Spain,St. Lucia
0.6,"""Simply appalling""",Business,First Class,Aug,1.0,1.0,1.0,Boeing 747-400,1.0,Heathrow,Chicago 
7.0,"""on a par with low cost carriers""",Couple Leisure,Economy Class,Sep,3.0,4.0,4.0,A319,1.0,Jersey,Gatwick
8.6,"""Economy seats are small""",Couple Leisure,Economy Class,Sep,2.0,5.0,4.0,A319,5.0,Kuala Lumpur,London
7.0,"""clean plane, punctual service, pleasant cabin crew""",Solo Leisure,Economy Class,Sep,4.0,4.0,3.0,A321,1.0,Heathrow,Sofia
5.6,"""service poorly synchronised""",Couple Leisure,Business Class,Sep,2.0,2.0,3.0,A320,2.0,Kalamata,Heathrow
3.1,"""are a bottom tier airline""",Business,Economy Class,Sep,2.0,1.0,3.0,Boeing 777,1.0,Heathrow,Krakow
2.6,"""Seat so narrow that you cannot move""",Business,Economy Class,Sep,1.0,2.0,3.0,Boeing 777,2.0,Heathrow,Abuja
1.5,"""downgrade them to 3 stars""",Business,Economy Class,Sep,2.0,4.0,3.0,Boeing 777,1.0,London,Tokyo Haneda
6.6,"""really mixed experience""",Solo Leisure,Premium Economy,Sep,3.0,5.0,2.0,A380,3.0,London,Hong Kong
1.0,"""respect for BA standards thoroughly destroyed""",Family Leisure,Economy Class,Sep,1.0,1.0,3.0,Boeing 777,1.0,Gatwick,Alicante
5.3,"""Club Europe is poor value""",Couple Leisure,Business Class,Sep,2.0,4.0,3.0,A320,3.0,Heathrow,Kalamata
3.9,"""very poor and disappointing experience""",Couple Leisure,Business Class,Sep,1.0,3.0,3.0,A350,1.0,Gatwick,Mauritius
3.1,"""airline is clearly failing fast""",Business,Business Class,Sep,3.0,1.0,3.0,Boeing 777,1.0,Dubai,London
8.7,"""nice flight with good cabin service""",Couple Leisure,Economy Class,Sep,4.0,5.0,4.0,A319,4.0,Heathrow,Biarritz
1.9,"""they are just an embarrassment""",Couple Leisure,Economy Class,Sep,1.0,1.0,2.0,A320,1.0,Gatwick,Funchal
7.7,"""very good flight again""",Family Leisure,Business Class,Sep,4.0,5.0,2.0,A320,4.0,Zakinthos,Heathrow
8.3,"""expensive at ?343 return""",Business,Economy Class,Sep,3.0,4.0,5.0,A319,4.0,Belfast,Heathrow
8.6,"""staff were extremely friendly""",Business,Business Class,Sep,4.0,5.0,4.0,Boeing 777-200,3.0,Toronto,Heathrow
9.0,"""kind and chatty with us""",Family Leisure,Business Class,Aug,4.0,5.0,5.0,A320,4.0,Heathrow,Zakinthos
7.7,"""wonderful member of crew""",Family Leisure,Economy Class,Aug,3.0,5.0,4.0,A380,3.0,London,Vancouver
7.0,"""exceptionally ordinary flight""",Business,Economy Class,Aug,2.0,4.0,5.0,Boeing 777-200ER,2.0,London,Sao Paulo
1.7,"""become a budget airline""",Business,Business Class,Aug,1.0,3.0,2.0,Boeing 747,1.0,Istanbul,London
1.9,"""not recommended at all""",Solo Leisure,Business Class,Sep,4.0,1.0,4.0,Boeing 777,1.0,Bangkok,London
4.0,"""significant downgrade in BA service""",Couple Leisure,Business Class,Aug,2.0,2.0,1.0,Boeing 747-400,2.0,London,Cape Town
4.3,"""get your act together""",Business,Economy Class,Aug,3.0,1.0,3.0,A319,1.0,London,Milan
4.1,"""seating rough around the edges""",Business,Economy Class,Aug,2.0,4.0,3.0,A321,2.0,Heathrow,Bucharest
6.7,"""downgraded so drastically""",Couple Leisure,Economy Class,Aug,4.0,4.0,4.0,A321,2.0,London,Bologna
8.5,"""not really a business class cabin""",Business,Business Class,Aug,3.0,5.0,4.0,A320,4.0,Heathrow,Keflavik
2.1,"""airline has gone downhill""",Family Leisure,Economy Class,Aug,3.0,1.0,4.0,A320,2.0,Larnaca,Heathrow
9.8,"""staff were friendly and efficient""",Solo Leisure,Economy Class,Aug,4.0,5.0,5.0,Boeing 777,4.0,San Jose,Gatwick
2.3,"""your budget airline status""",Couple Leisure,Economy Class,Aug,3.0,3.0,2.0,Boeing 777-300,1.0,Tokyo Haneda,London
0.9,"""Absolutely appalling airline""",Couple Leisure,Economy Class,Aug,1.0,1.0,1.0,Boeing 767,1.0,Rome,London
2.1,"""a noticeable degradation of service""",Business,Economy Class,Aug,2.0,2.0,2.0,A350,2.0,Zurich,Heathrow
2.8,"""A huge disappointment""",Business,First Class,Aug,2.0,4.0,3.0,Boeing 747-400,2.0,New York,London
2.6,"""bland insulting service""",Business,Business Class,Aug,3.0,1.0,2.0,Boeing 747,1.0,London,Philadelphia
9.4,"""positive first experience""",Family Leisure,Economy Class,Aug,5.0,5.0,5.0,A380-800,5.0,Florence,Bristol
2.9,"""A national disgrace""",Solo Leisure,Economy Class,Aug,2.0,1.0,5.0,A320,1.0,Salzburg,Gatwick
1.1,"""downgrade rating of British Airways""",Couple Leisure,Economy Class,Aug,2.0,1.0,1.0,Boeing 787,1.0,Nice,Heathrow
1.6,"""Another miserable experience""",Couple Leisure,Business Class,Aug,2.0,5.0,5.0,A320,1.0,Athens,London
4.1,"""a general trend downwards""",Family Leisure,Business Class,Aug,3.0,3.0,3.0,A319,2.0,London,Paris Orly
1.8,"""cheap and sleazy budget airline""",Couple Leisure,Economy Class,Aug,3.0,2.0,2.0,Boeing 777-200,1.0,Toulouse,Heathrow
2.5,"""cabin crew fell below the standard""",Business,Business Class,Aug,4.0,2.0,1.0,Embraer 170,1.0,London,Dusseldorf
1.7,"""BA's golden years are well and truly over""",Family Leisure,Business Class,Jul,1.0,4.0,2.0,A380,1.0,Vancouver,Heathrow
8.6,"""very good experience""",Solo Leisure,Premium Economy,Aug,5.0,5.0,4.0,Boeing 747-400,5.0,Johannesburg,London
3.3,"""extremely disappointed with Business Class""",Solo Leisure,Business Class,Aug,2.0,2.0,3.0,Boeing 747-400,1.0,Oslo,London
2.4,"""pay for your food on board""",Business,Economy Class,Aug,2.0,3.0,3.0,Boeing 787-8,1.0,London,Warsaw
2.8,"""some sort of mean spirited joke""",Family Leisure,Business Class,Aug,1.0,2.0,3.0,A320,1.0,Athens,London
2.9,"""full price for a low cost service""",Solo Leisure,Economy Class,Aug,3.0,4.0,1.0,A319,4.0,Cairo,London
0.2,"""they are now a junk airline""",Business,Economy Class,Aug,1.0,1.0,1.0,Boeing 767,1.0,Nice,Heathrow
1.1,"""has become a disgrace""",Solo Leisure,Economy Class,Aug,1.0,1.0,2.0,A320,1.0,Gatwick,Paphos
2.3,"""budget airline service at best""",Solo Leisure,Economy Class,Aug,3.0,1.0,4.0,A380,1.0,Vancouver,Heathrow
2.7,"""declined to level of a budget airline""",Solo Leisure,Premium Economy,Jul,2.0,1.0,3.0,A380,1.0,Vancouver,London
1.4,"""become a low cost airline""",Couple Leisure,Economy Class,Jun,2.0,1.0,1.0,A321,1.0,Catania,Gatwick
0.0,"""catch up with the others BA""",Business,Business Class,Jul,1.0,2.0,1.0,Boeing 747,1.0,Heathrow,Accra
3.7,"""I will not be using BA again""",Family Leisure,Economy Class,Jul,4.0,3.0,1.0,Boeing 777,2.0,Gatwick,Orlando 
1.8,"""The worst business class""",Solo Leisure,Business Class,Jul,1.0,2.0,2.0,Boeing 777,2.0,San Diego,London
7.1,"""cabin crew were efficient and friendly enough""",Couple Leisure,Business Class,Jul,3.0,4.0,3.0,A319,3.0,Pisa,Gatwick
0.5,"""have never been treated as badly""",Business,Economy Class,Jul,1.0,1.0,1.0,Boeing 777-300,1.0,Budapest,London
2.0,"""they have become so budget""",Solo Leisure,Economy Class,May,1.0,3.0,1.0,A320,1.0,Singapore,London
1.7,"""BA have lost another client""",Business,Economy Class,Jul,2.0,2.0,2.0,Boeing 787-9,1.0,Bergen,Heathrow
9.2,"""happily fly with them again""",Family Leisure,Economy Class,Jul,5.0,5.0,4.0,Boeing 777-300,5.0,Newcastle,London
0.2,"""they are truly awful now""",Family Leisure,Economy Class,Jul,2.0,1.0,1.0,A321,1.0,Heathrow,Sofia
2.6,"""slips further and further""",Solo Leisure,Economy Class,Aug,3.0,1.0,2.0,A320,1.0,London,Frankfurt
7.7,"""can't really complain about the overall experience""",Couple Leisure,Economy Class,Jul,3.0,4.0,4.0,A321,3.0,Heathrow,Bologna
1.3,"""We won't be flying with BA again""",Couple Leisure,Economy Class,Jul,2.0,1.0,2.0,Boeing 747,1.0,Heathrow,New York
0.3,"""such appalling customer service""",Business,Economy Class,Jul,1.0,1.0,1.0,A320,1.0,Heathrow,Berlin
4.8,"""BA cut us no slack for the injury""",Couple Leisure,Business Class,Jul,2.0,5.0,3.0,A321,4.0,Barcelona,London
4.5,"""no different to EasyJet""",Solo Leisure,Economy Class,Jul,2.0,3.0,3.0,A321,1.0,London,Madrid
0.1,"""very poor quality seats""",Business,Business Class,Jul,1.0,3.0,1.0,Boeing 747-400,1.0,Heathrow,Accra
3.8,"""service has gone downhill""",Business,Economy Class,May,3.0,1.0,2.0,Boeing 747,1.0,Krakow,London
6.4,"""good on this occasion""",Family Leisure,Economy Class,Jul,4.0,4.0,4.0,Boeing 777-200,4.0,Gatwick,Bridgetown
4.0,"""lacking the passion to serve""",Business,Business Class,Jul,4.0,2.0,1.0,Boeing 777,2.0,Dubai,London
1.8,"""BA is just a budget airline""",Couple Leisure,Economy Class,Jun,1.0,1.0,3.0,A321,1.0,London,Sofia
5.2,"""Food selection mediocre""",Family Leisure,Business Class,Jul,3.0,3.0,3.0,Boeing 777-200,3.0,Mauritius,Gatwick
1.9,"""other carriers must be laughing""",Business,Business Class,Jul,1.0,1.0,2.0,Boeing 747,1.0,New York,Heathrow
5.3,"""on time and safely at that""",Business,Economy Class,Jul,3.0,2.0,3.0,A320,1.0,Athens,Heathrow
2.6,"""won't be flying BA again""",Couple Leisure,Economy Class,Feb,1.0,2.0,1.0,A321 Neo,2.0,New York,Heathrow
8.9,"""crew are still doing a great job""",Solo Leisure,Economy Class,Apr,4.0,5.0,4.0,Boeing 747-400,5.0,London,Boston
2.5,"""am soon likely to hate it""",Couple Leisure,Business Class,Jul,4.0,3.0,3.0,Boeing 747,4.0,Naples,Gatwick
1.9,"""angry and dissatisfied customer""",Business,Business Class,Jun,1.0,4.0,3.0,Boeing 777,1.0,Toronto,Heathrow
3.4,"""on a par with Ryanair""",Solo Leisure,Economy Class,Jun,2.0,2.0,3.0,Boeing 777-300,1.0,London,Montreal
7.6,"""crew doing an excellent job""",Couple Leisure,Business Class,Jul,4.0,5.0,3.0,A320,4.0,Newcastle,London
8.5,"""experience has certainly changed""",Couple Leisure,Economy Class,Jun,4.0,5.0,5.0,A320,5.0,London,Keflavik
8.5,"""really pleasant experience""",Solo Leisure,Economy Class,Jul,4.0,5.0,5.0,Boeing 777,5.0,London,Tokyo
4.7,"""see the decline in quality from BA""",Couple Leisure,Economy Class,Jun,1.0,3.0,3.0,Boeing 777,1.0,Gatwick,Mauritius
6.3,"""pre-selected seats retained""",Family Leisure,Business Class,Jul,3.0,3.0,4.0,Boeing 777-200,3.0,Gatwick,Mauritius 
1.6,"""turn it into a budget airline""",Family Leisure,Economy Class,Jun,2.0,1.0,4.0,Boeing 767,1.0,Heathrow,Larnaca
2.1,"""recommend to avoid flying with BA""",Business,Premium Economy,Jun,2.0,2.0,3.0,A320,2.0,London,Hong Kong
6.5,"""using a Qatar Airways plane""",Couple Leisure,Economy Class,Jul,4.0,5.0,3.0,A320,4.0,Heathrow,Tallinn
1.7,"""living in the past century""",Couple Leisure,Economy Class,Jul,3.0,2.0,1.0,A350,1.0,London,Barcelona
1.3,"""a most unpleasant flight""",Solo Leisure,Economy Class,Jun,1.0,1.0,1.0,Boeing 777,1.0,Dubrovnik,Gatwick
1.7,"""recommend taking own food""",Solo Leisure,Economy Class,Jun,1.0,1.0,1.0,A380-800,1.0,London,Dubrovnik
1.0,"""Nothing special or memorable""",Business,Business Class,Jul,1.0,1.0,2.0,Boeing 747-400,1.0,Accra,Heathrow
6.6,"""BA need to do better""",Couple Leisure,Economy Class,May,3.0,1.0,4.0,Boeing 777-200,1.0,Malta,Gatwick
0.4,"""They are truly incompetent""",Couple Leisure,Economy Class,Jun,2.0,1.0,2.0,Boeing 787-8,1.0,Manchester,Philadelphia
10.0,"""attentive and good natured""",Couple Leisure,First Class,Jun,5.0,5.0,5.0,Boeing 787-9,5.0,Kuala Lumpur,London
1.1,"""Club World is now very tired and worn""",Business,Business Class,Jun,1.0,2.0,1.0,Boeing 747,1.0,Heathrow,Accra
0.6,"""they are failing dismally""",Solo Leisure,Economy Class,Jun,3.0,1.0,3.0,A320,1.0,Mykonos,London
2.7,"""I will no longer pick BA""",Couple Leisure,Economy Class,Jun,1.0,1.0,4.0,A321 Neo,1.0,Zurich,Heathrow
0.3,"""BA has lost the plot""",Couple Leisure,Economy Class,Jun,2.0,2.0,1.0,Boeing 767,1.0,Rome,Heathrow
2.5,"""BA are going backwards""",Couple Leisure,Business Class,Nov,2.0,2.0,2.0,Boeing 787,3.0,Chennai,London
4.9,"""Leg room was atrocious"" ",Couple Leisure,Business Class,Jun,1.0,4.0,4.0,A321,1.0,Gatwick,Genoa
1.3,"""now providing a very inferior product""",Business,Business Class,Jun,1.0,2.0,2.0,Boeing 777,1.0,Beijing,Heathrow
5.9,"""BA please admit your mistake""",Couple Leisure,Economy Class,Jun,4.0,1.0,3.0,Boeing 747,1.0,Corfu,London
8.1,"""has been hit by cost savings""",Couple Leisure,Premium Economy,Jun,4.0,4.0,4.0,A319,4.0,Leeds,London
6.8,"""such a miserly product""",Solo Leisure,Economy Class,Jun,5.0,5.0,1.0,A380,3.0,Heathrow,Dublin
3.3,"""time to pull up its socks""",Business,Premium Economy,Jun,1.0,3.0,1.0,A319,3.0,Bangkok,London
2.0,"""inadequate for the money paid""",Solo Leisure,Premium Economy,Jun,1.0,2.0,1.0,Boeing 747-400,1.0,New York,Heathrow
1.6,"""They should be ashamed of themselves""",Business,Economy Class,May,1.0,1.0,1.0,Boeing 777-300 ER,1.0,London,Hamburg
3.3,"""I cannot recommend this cabin""",Solo Leisure,Premium Economy,Jun,3.0,2.0,4.0,A380-800,2.0,Singapore,Heathrow
1.3,"""I am very disappointed""",Business,Business Class,Jun,1.0,1.0,1.0,Boeing 777-200ER,1.0,Singapore,London
6.2,"""whether I continue my loyalty""",Solo Leisure,Premium Economy,May,3.0,3.0,5.0,Boeing 777-200,3.0,Toronto,London
1.8,"""stupidity, bad management and poor service""",Business,Economy Class,Jun,1.0,1.0,1.0,A320,1.0,Dublin,London
1.9,"""crews very young, unprofessional""",Business,Premium Economy,Jun,4.0,1.0,4.0,A380,1.0,Johannesburg,London
5.8,"""Boarding was a disaster""",Couple Leisure,Business Class,Jun,4.0,5.0,1.0,A319,3.0,Valencia,Gatwick
2.1,"""possibly my last BA flights""",Business,Business Class,Jun,2.0,2.0,3.0,A320,1.0,London,Edinburgh
8.0,"""Meal service surprisingly good""",Couple Leisure,Business Class,Jun,4.0,5.0,4.0,A319,4.0,Gatwick,Valencia
0.8,"""cost cutting beyond belief""",Couple Leisure,Premium Economy,Jun,1.0,1.0,1.0,Boeing 777-200,1.0,Antigua,Gatwick
2.3,"""third world experience""",Solo Leisure,Business Class,Jun,2.0,1.0,4.0,Boeing 767,1.0,Heathrow,Madrid
7.3,"""the same price as normal""",Family Leisure,Business Class,Jun,3.0,5.0,5.0,A319,4.0,Gatwick,Alicante
1.5,"""decline across all classes""",Couple Leisure,Economy Class,Jun,1.0,2.0,2.0,Boeing 777-200,1.0,Gatwick,Antigua
1.3,"""a bare-bones airline""",Business,Business Class,Jun,2.0,4.0,2.0,E190,1.0,London,Milan
0.3,"""very little care of customers""",Couple Leisure,Premium Economy,Jun,2.0,4.0,1.0,Boeing 747,2.0,Boston,Heathrow
0.4,"""BA has gone downhill""",Couple Leisure,Economy Class,Jan,1.0,2.0,1.0,A320,1.0,Gatwick,Bordeaux
0.6,"""a low cost experience""",Business,Premium Economy,Jun,1.0,3.0,1.0,Boeing 747-400,1.0,London,Boston
2.8,"""like a low cost carrier""",Family Leisure,Economy Class,May,1.0,2.0,3.0,A320,2.0,Istanbul,London
3.2,"""a much lower standard than other airlines""",Couple Leisure,Premium Economy,Apr,2.0,2.0,2.0,A380,2.0,Heathrow,Singapore
6.8,"""it's not really premium economy""",Solo Leisure,Premium Economy,Jun,4.0,4.0,5.0,Boeing 777-300,4.0,Heathrow,Hong Kong
1.9,"""BA now gone to the dogs""",Family Leisure,First Class,May,3.0,5.0,1.0,Boeing 747,2.0,London,Dubai
3.6,"""one of the worst airlines""",Business,Business Class,Jun,2.0,1.0,4.0,A380,1.0,London,Vancouver
3.4,"""Overall not recommended""",Couple Leisure,Premium Economy,Jun,3.0,1.0,3.0,Boeing 787-9,1.0,Tokyo,Heathrow
1.8,"""have become a long haul Ryanair""",Family Leisure,Economy Class,Jun,1.0,2.0,3.0,Boeing 747,1.0,Heathrow,Miami
0.9,"""from bad to worse""",Business,Economy Class,Jun,2.0,3.0,1.0,Boeing 747-400,1.0,Heathrow,Lisbon
3.7,"""BA is going to the dogs""",Couple Leisure,Business Class,May,3.0,1.0,3.0,Boeing 777,2.0,Lima,Gatwick
0.4,"""service on BA really is terrible""",Couple Leisure,Economy Class,Jun,1.0,1.0,1.0,A380-800,2.0,London,Johannesburg
10.0,"""I'm sticking with them""",Solo Leisure,Premium Economy,May,5.0,5.0,5.0,Boeing 747-400,5.0,Washington DC,London
1.8,"""deteriorating service recently""",Couple Leisure,Business Class,May,1.0,1.0,1.0,Boeing 767,1.0,Rome,Heathrow
1.6,"""a total disappointment""",Business,Economy Class,Apr,2.0,3.0,3.0,A320,1.0,Tampa,Gatwick
1.5,"""this service is a joke""",Business,Business Class,May,1.0,1.0,1.0,Boeing 747-400,1.0,Chicago,Heathrow
1.7,"""very evident cost cutting""",Couple Leisure,First Class,May,4.0,2.0,5.0,Boeing 787-9,1.0,Heathrow,Tokyo Narita
2.7,"""Absolute Cheapskates""",Couple Leisure,Business Class,May,2.0,3.0,3.0,A320,1.0,Luxembourg,London
3.4,"""magic of our national carrier has gone""",Family Leisure,Economy Class,May,3.0,2.0,2.0,A319,1.0,Heathrow,Bergen
2.6,"""wasn't worth the hassle for me""",Business,Business Class,May,4.0,5.0,3.0,Boeing 787-8,4.0,Seoul,London
3.5,"""worst customer service""",Business,Business Class,May,3.0,1.0,3.0,A321 Neo,2.0,Los Angeles,London
6.8,"""business class is very cramped""",Couple Leisure,Business Class,Apr,4.0,4.0,3.0,Boeing 777,4.0,Gatwick,Lima
5.7,"""no more than a budget carrier""",Business,Business Class,May,1.0,2.0,2.0,A320,1.0,Heathrow,Santorini
4.0,"""very disappointing experience """,Couple Leisure,Economy Class,May,3.0,2.0,3.0,Boeing 777,1.0,Madeira,Gatwick
7.4,"""little to no service""",Solo Leisure,Economy Class,May,4.0,1.0,5.0,Boeing 787-9,1.0,Kuala Lumpur,London
9.8,"""The crew were amazing""",Solo Leisure,Economy Class,May,4.0,5.0,5.0,Boeing 787,5.0,London,Kuala Lumpur
1.2,"""overall truly awful experience""",Business,Business Class,May,2.0,4.0,1.0,Boeing 747-400,1.0,Heathrow,Miami
6.4,"""attendents cordial and professional""",Solo Leisure,Economy Class,May,3.0,3.0,3.0,A321,3.0,Moscow,London
1.5,"""it's basically a con""",Solo Leisure,Economy Class,Apr,1.0,1.0,3.0,Boeing 777-200ER,3.0,Heathrow,Las Vegas
7.3,"""a positive experience""",Couple Leisure,Economy Class,May,4.0,5.0,4.0,Boeing 747,5.0,London,San Francisco
8.7,"""expected service onboard""",Couple Leisure,Economy Class,Apr,4.0,5.0,3.0,A321,4.0,Amsterdam,London
3.1,"""Overall very disappointing""",Couple Leisure,Business Class,May,3.0,2.0,4.0,Boeing 777-200,2.0,Antigua,Gatwick
2.9,"""could not be less interested""",Business,Economy Class,May,4.0,4.0,1.0,A320-200,4.0,London,Amsterdam
10.0,"""the crew were fantastic""",Family Leisure,Economy Class,May,5.0,5.0,5.0,Boeing 777-200,5.0,Orlando,Gatwick
8.4,"""Overall a good experience""",Solo Leisure,Premium Economy,May,4.0,5.0,4.0,Boeing 777,4.0,London,Toronto
5.4,"""I have given up on avios""",Business,Business Class,May,3.0,2.0,4.0,A320,2.0,Mexico City,London
6.3,"""not improving where they should""",Business,Business Class,May,3.0,4.0,3.0,Boeing 787,2.0,London,Santiago de Chile
3.9,"""getting a refund is a nightmare""",Business,Economy Class,Feb,3.0,5.0,1.0,A320,3.0,Gatwick,Amsterdam
2.0,"""How far BA has sunk!""",Couple Leisure,Economy Class,Apr,1.0,2.0,4.0,Boeing 767,1.0,Heathrow,Nice
3.2,"""I was very disappointed""",Solo Leisure,Economy Class,May,3.0,3.0,3.0,Boeing 777-200ER,1.0,Athens,London
1.5,"""BA has lost two loyal customers""",Couple Leisure,Economy Class,Apr,1.0,1.0,4.0,Boeing 747-400,1.0,London,Cape Town
9.5,"""Good value if a free upgrade""",Couple Leisure,Business Class,May,4.0,5.0,5.0,A320,5.0,Heathrow,TXL
1.4,"""not the BA that people once knew""",Couple Leisure,Premium Economy,May,1.0,1.0,1.0,Boeing 777,1.0,Rio de Janeiro,London
1.5,"""service is consistently unacceptable""",Couple Leisure,Economy Class,May,1.0,1.0,1.0,A320,1.0,New York,London
6.6,"""the flight was enjoyable""",Couple Leisure,Business Class,Apr,4.0,4.0,4.0,Boeing 777-300,3.0,Gatwick,Antigua
6.6,"""a very cheap offer to upgrade""",Business,Business Class,May,3.0,5.0,4.0,A320,3.0,Berlin Tegel,London
6.7,"""my first choice out of City""",Solo Leisure,Economy Class,May,3.0,4.0,3.0,Embraer,3.0,London,Bergerac
10.0,"""Staff are polite and friendly""",Business,Economy Class,May,5.0,5.0,5.0,A320-200,5.0,Manchester,Billund
1.7,"""a surly disapproving stewardess""",Business,Premium Economy,Apr,2.0,1.0,3.0,Boeing 777-200,1.0,Heathrow,Bangkok
2.6,"""game over for me""",Business,Business Class,Apr,2.0,1.0,1.0,Boeing 777-200,1.0,Funchal,Heathrow
7.5,"""cost cutting affects all cabins""",Couple Leisure,First Class,Apr,4.0,5.0,5.0,A380,3.0,Heathrow,Miami
6.5,"""downgraded their economy service""",Business,Economy Class,May,3.0,4.0,5.0,A380,3.0,Singapore,Heathrow
2.2,"""So low cost. So over them""",Solo Leisure,Economy Class,Mar,1.0,1.0,1.0,A320,1.0,Nice,Heathrow
2.1,"""a poor service all round """,Couple Leisure,Premium Economy,Apr,1.0,3.0,3.0,Boeing 747-400,2.0,Glasgow,Heathrow
2.1,"""Absolutely useless""",Solo Leisure,Economy Class,May,3.0,1.0,4.0,A319,1.0,London,Edinburgh
1.7,"""never seen an airline deteriorate so quickly""",Solo Leisure,Economy Class,Apr,2.0,1.0,4.0,A320,1.0,Heathrow,Vienna
6.2,"""things are not as they were""",Couple Leisure,Economy Class,May,3.0,3.0,5.0,Boeing 777,2.0,Hong Kong,Heathrow
1.7,"""Service was an absolute shambles""",Couple Leisure,Economy Class,Apr,4.0,1.0,3.0,A320,1.0,Heathrow,Budapest
1.9,"""should not call this business class""",Solo Leisure,Business Class,Aug,1.0,3.0,2.0,Boeing 777-300 ER,1.0,Dublin,London
7.0,"""friendly, attentive and helpful""",Family Leisure,Economy Class,Apr,5.0,5.0,5.0,Boeing 777-200,4.0,Gatwick,Orlando
0.7,"""what you expect from a budget carrier""",Couple Leisure,Economy Class,Apr,3.0,2.0,3.0,A321,1.0,Aberdeen,London
2.4,"""on the edge of abandoning them""",Business,Premium Economy,Apr,3.0,2.0,1.0,Boeing 767,1.0,London,Toronto
8.8,"""flight without a problem""",Family Leisure,Economy Class,Apr,5.0,5.0,4.0,A380,5.0,London,Boston
6.1,"""avoid any 747 flight whenever possible""",Couple Leisure,First Class,Apr,3.0,4.0,3.0,Boeing 787-8,1.0,Newark,Heathrow
6.3,"""saved ?10 on two bunches of flowers""",Couple Leisure,First Class,Apr,3.0,4.0,4.0,Boeing 777-200,2.0,London,Newark
7.6,"""for once I had the meal""",Couple Leisure,Business Class,Apr,2.0,4.0,2.0,A320,4.0,Pisa,Gatwick
10.0,"""friendly and efficient crew""",Couple Leisure,Economy Class,Feb,4.0,5.0,5.0,A380-800,5.0,Heathrow,San Francisco
1.7,"""carrier has become a laughing stock""",Couple Leisure,Economy Class,Apr,3.0,1.0,2.0,A321,1.0,Berlin,London
3.7,"""don't expect much nowadays from BA""",Couple Leisure,Business Class,Apr,2.0,4.0,4.0,A319,1.0,Gatwick,Pisa
2.1,"""national carrier turned into the worst""",Family Leisure,Economy Class,Apr,4.0,3.0,3.0,Boeing 777-300 ER,1.0,Heathrow,Phoenix
9.1,"""we shall be flying with you again""",Couple Leisure,Business Class,Apr,5.0,5.0,5.0,Boeing 777,5.0,St Lucia,Gatwick
7.2,"""pay extra to reserve the seats""",Couple Leisure,Business Class,Apr,4.0,4.0,3.0,Boeing 767,4.0,Heathrow,Bangkok
4.6,"""I prepared myself for the worst""",Couple Leisure,Economy Class,Apr,4.0,3.0,4.0,A380,2.0,Singapore,Heathrow
1.5,"""rapidly becoming a budget airline""",Business,Economy Class,Apr,2.0,3.0,2.0,Boeing 747-400,1.0,London,Stockholm Arlanda
2.8,"""told snacks had been withdrawn""",Solo Leisure,Economy Class,Mar,3.0,3.0,2.0,Boeing 777,1.0,Bangkok,Heathrow
0.0,"""little more than a budget airline""",Solo Leisure,Economy Class,Apr,1.0,1.0,1.0,Boeing 777-200,1.0,Istanbul,London
3.6,"""something has gone terribly wrong""",Business,Economy Class,Mar,1.0,4.0,4.0,Boeing 787-8,2.0,London,Seoul
1.6,"""airline is in terminal decline""",Business,Economy Class,Apr,1.0,1.0,1.0,Boeing 747,1.0,Paris,Heathrow
9.9,"""BA shined post-flight""",Couple Leisure,Premium Economy,Apr,5.0,5.0,3.0,A380,5.0,Heathrow,San Francisco
5.6,"""warned that BA had gone downhill""",Business,Business Class,Apr,2.0,4.0,4.0,Boeing 777-300,3.0,Buenos Aires,London
5.8,"""a high cost no frills airline""",Couple Leisure,Business Class,Apr,2.0,5.0,5.0,A319,1.0,Gatwick,Pisa
4.4,"""really disappointed with BA""",Solo Leisure,Economy Class,Apr,1.0,1.0,3.0,A321,3.0,London,Dubai
0.4,"""how things have changed""",Business,Economy Class,Apr,2.0,1.0,1.0,A319,1.0,Stuttgart,London
1.1,"""BA should wake up""",Family Leisure,Business Class,Mar,2.0,4.0,3.0,A319,1.0,Nice,Gatwick
8.1,"""crew very polite and helpful""",Solo Leisure,Business Class,Apr,5.0,5.0,5.0,Boeing 777-200ER,4.0,London LGW,Lima
2.6,"""if possible never fly BA again""",Solo Leisure,Business Class,Apr,1.0,1.0,4.0,Boeing 777,1.0,Punta Cana,Gatwick
5.8,"""full service or a low cost""",Family Leisure,Economy Class,Apr,3.0,4.0,3.0,Boeing 777-200,1.0,London,Washington DC
6.8,"""attendants were very attentive""",Family Leisure,Economy Class,Apr,5.0,4.0,4.0,Boeing 747-400,1.0,London,New York
5.2,"""nearly 2 hours to be served""",Solo Leisure,Economy Class,Apr,2.0,1.0,5.0,A320,2.0,Malaga,Gatwick
9.6,"""fantastic staff at Terminal 3""",Couple Leisure,Economy Class,Apr,4.0,4.0,5.0,Boeing 747-400,3.0,Stavanger,London
2.0,"""employs tactics of EasyJet""",Solo Leisure,Economy Class,Apr,1.0,3.0,2.0,A380,1.0,London,Moscow
7.9,"""service is polite""",Business,Business Class,Mar,4.0,4.0,4.0,Boeing 777,3.0,Copenhagen,London
4.4,"""nothing more than no-frills airline""",Business,Economy Class,Apr,2.0,3.0,3.0,A320,1.0,Gatwick,Rome
1.6,"""BA is now a budget airline""",Solo Leisure,Economy Class,Apr,2.0,1.0,3.0,Boeing 767,1.0,Prague,London
1.0,"""I am ever increasingly disappointed""",Business,Business Class,Apr,1.0,1.0,1.0,A320,1.0,Heathrow,IST
2.1,"""slightly above a budget airline""",Solo Leisure,Economy Class,Apr,1.0,1.0,1.0,A380,1.0,ORY,Heathrow
1.1,"""I won't be flying BA anymore""",Solo Leisure,Economy Class,Feb,1.0,3.0,3.0,Boeing 747-400,1.0,Los Angeles,Heathrow
1.8,"""charged me for a bottle of water""",Business,Economy Class,Apr,4.0,1.0,1.0,A321,1.0,London,Milan
1.8,"""don't cater for families""",Family Leisure,Economy Class,Apr,2.0,2.0,1.0,A319,1.0,London,Nice
1.5,"""I have had it with BA""",Solo Leisure,Economy Class,Apr,1.0,3.0,2.0,A350,2.0,Baltimore,London
8.4,"""Excellent service and food""",Family Leisure,Business Class,Apr,5.0,5.0,5.0,Boeing 777,5.0,Sofia,London
9.2,"""attendants were attentive""",Couple Leisure,Business Class,Mar,5.0,5.0,5.0,B777-300ER,4.0,Copenhagen,London
1.9,"""airline with low cost service""",Solo Leisure,Economy Class,Apr,3.0,2.0,3.0,Boeing 767,1.0,London,Larnaca
1.7,"""BA have totally lost the plot""",Couple Leisure,Business Class,Apr,3.0,1.0,4.0,Boeing 777,1.0,Gatwick,San Jose Costa Rica
1.4,"""not a good first trip on British Airways""",Family Leisure,Economy Class,Apr,1.0,2.0,1.0,A320,1.0,Heathrow,New York
1.2,"""Very very poor customer service""",Couple Leisure,Economy Class,Nov,2.0,1.0,1.0,A380-800,2.0,London,New Delhi
1.4,"""want to be a no-frills airline""",Business,Premium Economy,Mar,1.0,2.0,1.0,Boeing 747,1.0,San Diego,London
3.4,"""don't go out your way to fly them""",Solo Leisure,Economy Class,Jan,2.0,4.0,5.0,Boeing 777-200,2.0,Philadelphia,Heathrow
0.4,"""BA need to invest in a new fleet""",Business,Business Class,Mar,2.0,3.0,2.0,Boeing 747-400,1.0,Heathrow,New York
1.5,"""nothing redeeming about BA""",Couple Leisure,Business Class,Nov,1.0,1.0,1.0,Boeing 777,1.0,London,Singapore
5.0,"""what was I thinking flying this airline?""",Couple Leisure,Business Class,Apr,1.0,4.0,1.0,Boeing 767,4.0,Rome,London
0.2,"""legroom is an absolute joke""",Business,Economy Class,Apr,1.0,3.0,2.0,Boeing 787-8,1.0,London,New Orleans
8.3,"""being turned into Vueling""",Couple Leisure,Business Class,Mar,3.0,5.0,4.0,A219,4.0,Heathrow,Brussels
2.6,"""feel disrespected and undervalued""",Business,Business Class,Mar,3.0,5.0,4.0,A380,2.0,Miami,London
1.0,"""turning BA into a low-cost carrier""",Business,Premium Economy,Jan,3.0,5.0,3.0,Boeing 747,1.0,Cape Town,London
2.0,"""service inevitably snail-paced""",Couple Leisure,Economy Class,Apr,3.0,1.0,3.0,A320,1.0,Marrakech,Gatwick
1.9,"""can no longer live on past reputation""",Solo Leisure,Economy Class,Apr,1.0,1.0,1.0,Boeing 777-200ER,1.0,Heathrow,Rome
5.9,"""BA is now a no-frills carrier""",Business,Economy Class,Mar,3.0,3.0,3.0,A320,1.0,Heathrow,Munich
1.1,"""the worst flight I've been on""",Couple Leisure,Economy Class,Apr,2.0,3.0,3.0,A320,1.0,Belfast,Heathrow
2.6,"""now at an all time low""",Couple Leisure,Business Class,Feb,2.0,5.0,1.0,A320-200,3.0,Gatwick,Cancun
0.3,"""BA has gone cattle""",Couple Leisure,Economy Class,Mar,1.0,1.0,1.0,A321 Neo,1.0,Malaga,Gatwick
6.6,"""have slipped significantly""",Business,Economy Class,Mar,4.0,2.0,3.0,Boeing 747,2.0,London,New York
7.1,"""expect you to pay to reserve seats""",Family Leisure,Business Class,Mar,5.0,5.0,5.0,Boeing 777,4.0,Gatwick,Grenada
4.1,"""not worth the money spent""",Business,Economy Class,Mar,4.0,3.0,2.0,A320-200,1.0,Lisbon,London
3.8,"""does not value their customers""",Family Leisure,Economy Class,Mar,1.0,2.0,3.0,A320-200,1.0,Amsterdam,Gatwick
1.1,"""atrocious customer service""",Business,Economy Class,Jan,1.0,3.0,1.0,Boeing 747,1.0,Miami,London
2.2,"""very lazy and oblivious staff """,Business,Economy Class,Mar,3.0,1.0,3.0,A380,1.0,London,Los Angeles
3.4,"""staff were absolutely appalling""",Couple Leisure,Business Class,Mar,4.0,1.0,5.0,Boeing 777,3.0,Mauritius,Gatwick
3.7,"""has really gone downhill""",Couple Leisure,Premium Economy,Mar,4.0,4.0,3.0,A380,1.0,Heathrow,Hong Kong
3.0,"""well below every major competitor""",Business,Business Class,Mar,2.0,4.0,2.0,A319,1.0,Frankfurt,London
9.5,"""crew to be friendly and attentive""",Couple Leisure,Premium Economy,Feb,4.0,5.0,4.0,Boeing 777,4.0,London,Nairobi
3.5,"""worst short haul flight ever""",Couple Leisure,Business Class,Mar,1.0,4.0,3.0,Boeing 777,2.0,Toronto,London
3.0,"""how much of a budget are they on now?""",Couple Leisure,Economy Class,Mar,4.0,1.0,4.0,Boeing 787-9,1.0,Heathrow,Dubai
5.7,"""seats are narrow""",Solo Leisure,Economy Class,Mar,1.0,3.0,3.0,Boeing 747-400,3.0,Heathrow,Johannesburg
1.2,"""never use British Airways again""",Solo Leisure,Economy Class,Jan,1.0,1.0,1.0,A321,1.0,Montreal,Heathrow
6.0,"""just about ok for value for money""",Solo Leisure,Business Class,Mar,1.0,4.0,2.0,A320,3.0,Heathrow,Innsbruck
0.6,"""disgusted, what a rip off""",Business,Business Class,Mar,1.0,3.0,3.0,A320,3.0,Heathrow,Dublin
3.8,"""not be flying BA again""",Business,Economy Class,Mar,2.0,2.0,2.0,Boeing 747,1.0,London,Dublin
3.6,"""budget experience at premium price""",Couple Leisure,Economy Class,Mar,3.0,3.0,3.0,Boeing 777,1.0,London,Barbados
4.1,"""Tired old aircraft""",Solo Leisure,Economy Class,Feb,3.0,2.0,4.0,Boeing 777,4.0,Heathrow,Bangkok
3.2,"""here is where the ""value"" ends""",Solo Leisure,Economy Class,Feb,4.0,3.0,4.0,Boeing 777-300,2.0,Beijing,London
2.1,"""not what one expects from Business Class""",Couple Leisure,Business Class,Mar,2.0,4.0,2.0,A319,4.0,Heathrow,Geneva
0.9,"""Air Canada next time""",Couple Leisure,Economy Class,Mar,3.0,2.0,1.0,Boeing 767,1.0,Montreal,Heathrow
4.3,"""Will switch to Lufthansa""",Family Leisure,Economy Class,Mar,4.0,3.0,3.0,Boeing 747-400,1.0,GOT,Heathrow
2.7,"""delayed 1 hour due to no cleaners""",Couple Leisure,Business Class,Mar,3.0,4.0,1.0,Boeing 777,3.0,Gatwick,Mauritius
9.7,"""an excellent flight""",Couple Leisure,Business Class,Mar,4.0,5.0,4.0,Boeing 747-400,4.0,San Diego,London
3.8,"""so disappointed with the service""",Couple Leisure,Economy Class,Feb,3.0,2.0,4.0,Boeing 747-400,1.0,Heathrow,Dubai
4.6,"""tired, worn interior""",Business,Business Class,Feb,2.0,3.0,5.0,Boeing 777,2.0,Amsterdam,Gatwick
1.7,"""now charge for food and drink""",Solo Leisure,Economy Class,Mar,2.0,1.0,2.0,A321,1.0,London,Toulouse
1.5,"""inflated prices for food""",Business,Economy Class,Mar,3.0,2.0,2.0,A320,1.0,Edinburgh,Heathrow
2.1,"""worst airline I have ever flown""",Solo Leisure,Economy Class,Mar,1.0,1.0,3.0,A319,2.0,London,Las Vegas
3.9,""" cutbacks are a cut too far""",Couple Leisure,Economy Class,Feb,1.0,1.0,2.0,Boeing 777-200,1.0,Gatwick,Bridgetown
5.7,"""experience was a bit shoddy""",Couple Leisure,Economy Class,Feb,3.0,4.0,4.0,Boeing 747,1.0,San Jose,Gatwick
0.5,"""not worth paying for business""",Business,Business Class,Mar,2.0,2.0,1.0,Boeing 777,3.0,Orlando,London
1.2,"""not a business class product""",Business,Business Class,Mar,2.0,3.0,4.0,Boeing 787-9,1.0,Newark,London
3.7,"""lack of care extremely disappointing""",Business,Premium Economy,Mar,3.0,1.0,1.0,A320,3.0,Hyderabad,London
1.8,"""will not be flying BA any more""",Couple Leisure,Economy Class,Feb,2.0,3.0,2.0,Boeing 747,1.0,London,Chicago
4.9,"""plane in both directions old and shabby""",Solo Leisure,Premium Economy,Mar,3.0,3.0,3.0,Boeing 747-400,2.0,Heathrow,Vancouver
5.1,"""lack of enforcement of the carry on allowance""",Couple Leisure,Economy Class,Feb,3.0,2.0,2.0,A320,1.0,Heathrow,Gibraltar
5.2,"""Inflight service was basic""",Solo Leisure,Economy Class,Feb,3.0,3.0,3.0,A380,2.0,Singapore,London
3.1,"""nothing short of chaotic""",Family Leisure,Economy Class,Mar,3.0,1.0,3.0,A320,1.0,London,Marrakech
2.9,"""British Airways have lost the plot""",Couple Leisure,Economy Class,Mar,1.0,3.0,4.0,Boeing 747-400,1.0,Cape Town,London
7.8,"""how the mighty have fallen""",Solo Leisure,Premium Economy,Feb,5.0,3.0,5.0,Boeing 747-400,2.0,Kuwait,London
2.7,"""Hopelessly inadequate product""",Couple Leisure,Business Class,Mar,1.0,4.0,1.0,A321,2.0,Heathrow,Pisa
6.1,"""Overall a good flight""",Couple Leisure,Business Class,Mar,5.0,5.0,3.0,Boeing 777-200,3.0,St Lucia,Gatwick
10.0,"""Very attentive and enthusiastic""",Couple Leisure,Business Class,Mar,5.0,5.0,5.0,Boeing 747-400,5.0,Cape Town,London
4.2,"""a sad reflection on the country""",Solo Leisure,Economy Class,Feb,2.0,3.0,1.0,A321 Neo,1.0,Malta,Gatwick
1.0,"""poor quality budget airline""",Business,Economy Class,Feb,1.0,2.0,2.0,Boeing 767,3.0,London,Larnaca
3.2,"""unhelpful, uncomfortable and shabby""",Business,Business Class,Feb,1.0,3.0,2.0,Boeing 777-200ER,1.0,Mumbai,London
9.5,"""they continue to impress""",Business,Premium Economy,Feb,5.0,5.0,4.0,Boeing 747-400,3.0,Chicago,London
1.4,"""the worlds biggest rip off""",Couple Leisure,Economy Class,Feb,1.0,2.0,2.0,Boeing 747-400,1.0,Phoenix,Heathrow
9.2,"""experience was wonderful""",Business,Business Class,Feb,5.0,5.0,5.0,Boeing 747-400,5.0,London,Chicago
1.3,"""a journey of disappointment""",Business,Premium Economy,Feb,2.0,2.0,2.0,Boeing 777,2.0,London,Mumbai
1.0,"""dreadful, stressful experience""",Couple Leisure,Business Class,Feb,4.0,3.0,1.0,Boeing 777,1.0,San Jose,Gatwick
4.8,"""minimalistic in their service""",Business,Economy Class,Feb,3.0,2.0,3.0,A319,3.0,Amman,London
5.1,"""major issue is their penny pinching""",Solo Leisure,Economy Class,Dec,4.0,4.0,5.0,A380,1.0,London,Miami
7.7,"""stay where British Airways used to be""",Solo Leisure,Economy Class,Jan,5.0,5.0,5.0,A320,2.0,Berlin,London
3.9,"""the worst airline so far""",Solo Leisure,Economy Class,Feb,3.0,5.0,3.0,A320,1.0,Istanbul,London
1.7,"""this is an airline in decline""",Business,First Class,Feb,1.0,1.0,3.0,Boeing 777-200,1.0,Heathrow,Chicago
1.2,"""this is by far the worst""",Solo Leisure,Economy Class,Feb,1.0,3.0,2.0,A380-800,2.0,Heathrow,Bangkok
7.6,"""comfortable economy seat""",Couple Leisure,Economy Class,Feb,4.0,3.0,4.0,Boeing 777,2.0,Gatwick,Cape Town
7.2,"""decision to downgrade service""",Solo Leisure,Premium Economy,Feb,3.0,4.0,4.0,Boeing 787-8,2.0,Toronto,London
0.6,"""no better than no frills competitors""",Business,Economy Class,Feb,1.0,2.0,1.0,A319,1.0,Heathrow,Stuttgart
8.7,"""professional and friendly""",Couple Leisure,Economy Class,Feb,4.0,5.0,5.0,Boeing 747-400,5.0,London,Las Vegas
4.9,"""on a race to the bottom""",Business,Economy Class,Feb,4.0,1.0,5.0,A320,1.0,Heathrow,Rome
1.6,"""treats customers with such contempt""",Solo Leisure,Economy Class,Feb,3.0,3.0,1.0,Embraer 170,3.0,Edinburgh,London
3.3,"""I was highly disappointed""",Couple Leisure,Economy Class,Feb,2.0,3.0,4.0,Boeing 747,2.0,Accra,Heathrow
4.6,"""Short-sighted management or what?""",Couple Leisure,Business Class,Feb,4.0,3.0,2.0,Boeing 777,4.0,Gatwick,Mauritius 
6.2,"""a reasonable experience""",Solo Leisure,Economy Class,Feb,2.0,5.0,4.0,Boeing 747-400,4.0,London,Vancouver
9.2,"""Flight barely a quarter full""",Solo Leisure,Economy Class,Feb,5.0,5.0,5.0,A380,4.0,Washington DC,London
1.9,"""food had no taste whatsoever"" ",Business,Economy Class,Jan,1.0,3.0,3.0,Boeing 777,1.0,Bangkok,London
6.6,"""service good, food adequate""",Business,Business Class,Feb,4.0,4.0,4.0,Boeing 777,4.0,London,Hong Kong
7.5,"""flight OK with snack and drink""",Business,Business Class,Feb,3.0,4.0,4.0,A320,3.0,Paris,London
0.6,"""British Airways has declined badly""",Business,Premium Economy,Feb,1.0,1.0,1.0,Boeing 747,1.0,Chicago,Heathrow
2.6,"""quality of British Airways has most certainly gone downhill""",Family Leisure,Economy Class,Feb,2.0,2.0,4.0,Boeing 767,2.0,Heathrow,Rome
9.1,"""crew was nice and friendly""",Solo Leisure,Economy Class,Feb,5.0,5.0,5.0,A319,2.0,London,Brussels
3.8,"""food was bland to say the least""",Couple Leisure,Economy Class,Feb,2.0,5.0,1.0,Boeing 777-200,1.0,Dublin,Heathrow
2.5,"""BA is now a low cost carrier""",Business,Economy Class,Feb,2.0,2.0,2.0,Boeing 767-300 ,1.0,Heathrow,Athens
2.8,"""British Airways was a shock""",Business,Business Class,Feb,1.0,1.0,3.0,Boeing 777,1.0,Doha,Heathrow
0.7,"""Will never touch British Airways again""",Solo Leisure,Economy Class,Jan,1.0,1.0,1.0,A321 Neo,1.0,Orlando,Heathrow
3.1,"""equal to Ryanair and EasyJet""",Solo Leisure,Economy Class,Feb,3.0,2.0,4.0,A319,1.0,LBA,Heathrow
1.1,"""they couldn't do anything for me""",Solo Leisure,Economy Class,Dec,2.0,3.0,1.0,Boeing 777,3.0,Vienna,London
2.4,"""next time I will fly Ryanair""",Family Leisure,Economy Class,Feb,1.0,1.0,4.0,Boeing 747-400,1.0,Heathrow,Innsbruck
2.0,"""turning a once great airline into low cost """,Business,Economy Class,Feb,2.0,1.0,2.0,A380,1.0,Los Angeles,London
1.2,"""service is like budget airlines""",Couple Leisure,Economy Class,Jan,1.0,1.0,1.0,A321 Neo,1.0,Gatwick,Barcelona
3.3,"""quality dropped dramatically""",Solo Leisure,Economy Class,Oct,1.0,1.0,1.0,Boeing 777-200ER,1.0,London,Rio de Janeiro
1.4,"""I will never fly with BA again""",Family Leisure,Economy Class,Dec,3.0,2.0,3.0,A380,1.0,London,New York
8.4,"""overall a good experience""",Couple Leisure,Economy Class,Feb,4.0,5.0,5.0,Boeing 777,4.0,TPA,Gatwick
8.9,"""good arrival lounge at LHR""",Solo Leisure,Business Class,Jan,4.0,4.0,4.0,A380,3.0,Hong Kong,London
7.6,"""exceed my expectation""",Solo Leisure,Business Class,Jan,3.0,4.0,3.0,Boeing 777-300,4.0,London,Berlin
8.1,"""these were pleasant flights""",Solo Leisure,Business Class,Jan,4.0,4.0,5.0,A320,4.0,Gatwick,Salzburg
3.3,"""British Airways, you need improve""",Couple Leisure,Economy Class,Jan,2.0,3.0,3.0,Boeing 777-200ER,1.0,Gatwick,Barbados
8.8,"""the wines are not good""",Business,Economy Class,Jan,2.0,3.0,5.0,A320,2.0,Bordeaux,Gatwick
8.7,"""attentive, friendly cabin crew""",Couple Leisure,Business Class,Jan,5.0,5.0,1.0,A380,5.0,Heathrow,San Francisco
4.0,"""stooped to its lowest level""",Business,Economy Class,Jan,3.0,3.0,4.0,A319,1.0,Aberdeen,Heathrow
7.1,"""decent value for the money""",Solo Leisure,Economy Class,Jan,3.0,5.0,5.0,A380,5.0,Heathrow,IAD
2.7,"""fallen behind other airlines""",Solo Leisure,Business Class,Jan,1.0,2.0,1.0,Boeing 777,2.0,Heathrow,Hong Kong
8.3,"""friendly and efficient service""",Couple Leisure,Economy Class,Jan,4.0,5.0,4.0,Boeing 777,4.0,Gatwick,Mauritius
1.1,"""Travel Nightmare""",Couple Leisure,Economy Class,Jan,3.0,2.0,1.0,A321,3.0,LAX,Heathrow
1.8,"""reputation is on the slide""",Business,Economy Class,Jan,2.0,2.0,3.0,Boeing 777-300 ER,1.0,Zurich,London
2.0,"""dreadful business class experience""",Solo Leisure,Business Class,Jan,1.0,1.0,1.0,A320,1.0,Gatwick,Barcelona
1.2,"""slipped to low budget airline""",Solo Leisure,Economy Class,Jan,1.0,1.0,2.0,A320,1.0,SOF,Heathrow
9.1,"""still my first choice""",Solo Leisure,Premium Economy,Jan,5.0,5.0,5.0,A380,5.0,IAD,Heathrow
7.2,"""looked as if 20 years old""",Solo Leisure,Economy Class,Jan,3.0,5.0,5.0,Boeing 747,5.0,Vancouver,Heathrow
2.7,"""no better than Ryanair now""",Business,Economy Class,Jan,1.0,1.0,2.0,A320,1.0,Heathrow,MXP
1.4,"""Inflight food shocking""",Couple Leisure,Economy Class,Jan,4.0,5.0,4.0,Boeing 747-400,1.0,Gatwick,Grantley Adams
3.7,"""how the mighty have fallen""",Couple Leisure,Economy Class,Sep,4.0,2.0,2.0,A380,1.0,London,Johannesburg
1.5,"""did not receive a free glass of water""",Business,Economy Class,Jan,2.0,1.0,2.0,A320,1.0,London,Zurich
2.5,"""a par with low cost standards""",Business,Economy Class,Jan,2.0,3.0,3.0,A321,1.0,MAD,Heathrow
8.0,"""good experience both flights""",Solo Leisure,First Class,Jan,5.0,4.0,4.0,Boeing 777,4.0,Heathrow,PHL
1.6,"""vowed to never fly with BA""",Solo Leisure,Economy Class,Dec,1.0,1.0,1.0,A320,1.0,London,Abuja
5.2,"""treating premium passengers with contempt""",Couple Leisure,First Class,Jan,3.0,5.0,3.0,Boeing 747-400,4.0,Heathrow,Cape Town
6.2,"""as different as night and day""",Solo Leisure,Business Class,Jan,4.0,3.0,4.0,Boeing 747,3.0,San Francisco,Heathrow
3.6,"""letting themselves down badly""",Couple Leisure,Economy Class,Jan,3.0,5.0,5.0,A320,1.0,Larnaca,Heathrow
7.1,"""service was really good""",Couple Leisure,Economy Class,Aug,5.0,5.0,5.0,A320,3.0,London,Manchester
7.6,"""narrower seats than other airlines""",Couple Leisure,Business Class,Oct,3.0,4.0,3.0,Boeing 787,4.0,Lisbon,London
0.4,"""worst customer service""",Business,Premium Economy,Aug,1.0,1.0,1.0,Boeing 747-400,1.0,Heathrow,PHX
1.1,"""can only be described as appalling""",Couple Leisure,Business Class,Jan,3.0,3.0,1.0,Boeing 777,2.0,Gatwick,Tampa
1.6,"""the aircraft was filthy""",Solo Leisure,Economy Class,Jan,2.0,1.0,2.0,Boeing 747,1.0,Miami,London
4.2,"""horrible food, unmotivated crew""",Business,Economy Class,Jan,2.0,2.0,1.0,Boeing 747,1.0,Heathrow,Dubai
2.1,"""will never fly with BA again""",Couple Leisure,Business Class,Dec,2.0,3.0,1.0,Boeing 787-8,2.0,CDG,Heathrow
1.5,"""not fair for the fare""",Couple Leisure,Business Class,Jan,2.0,5.0,1.0,Boeing 777,1.0,Suvarnabhumi,Heathrow
2.4,"""ludicrous approach to carry on baggage""",Solo Leisure,Economy Class,Dec,1.0,4.0,4.0,A320,1.0,Glasgow,Gatwick
10.0,"""a very good airline""",Solo Leisure,Economy Class,Jan,5.0,5.0,5.0,A380,5.0,Suvarnabhumi,Heathrow
5.1,"""way below BA's competitors""",Couple Leisure,Business Class,Jan,3.0,3.0,4.0,Boeing 747-400,3.0,Heathrow,Cape Town
1.5,"""would I fly in BA First again? No""",Solo Leisure,First Class,Nov,3.0,1.0,3.0,Boeing 787-9,1.0,Heathrow,Kuala Lumpur
2.4,"""reduced to that of a budget airline""",Solo Leisure,Economy Class,Jan,3.0,4.0,4.0,A320,1.0,LED,Heathrow
2.9,"""a budget airline at premium airline prices""",Business,Economy Class,Nov,2.0,2.0,2.0,A319,1.0,Gatwick,CUN
0.3,"""plane had not been cleaned well""",Couple Leisure,Business Class,Dec,1.0,1.0,1.0,Boeing 777,1.0,Gatwick,Grantley Adams
6.4,"""felt I was flying with a low cost airline""",Solo Leisure,Economy Class,Jan,3.0,3.0,2.0,A321,2.0,John F. Kennedy,Heathrow
2.0,"""will never fly them again""",Solo Leisure,Economy Class,Jul,4.0,4.0,2.0,Boeing 777,3.0,London,Frankfurt
1.7,"""see no point in using BA now""",Business,Economy Class,Jan,4.0,1.0,3.0,Boeing 787,1.0,Athens,Heathrow
1.7,"""no appeal whatsoever anymore""",Couple Leisure,Economy Class,Jan,2.0,3.0,4.0,A320,1.0,FUE,Gatwick
7.2,"""arrivals lounge at LHR was great""",Solo Leisure,Business Class,Jan,4.0,2.0,4.0,Boeing 777,4.0,IAH,Heathrow
3.4,"""business class in need of major refurbishment""",Couple Leisure,Business Class,Dec,3.0,3.0,3.0,Boeing 777,1.0,Gatwick,CUN
2.4,"""we don't deserve the shoddy treatment""",Family Leisure,Economy Class,Dec,3.0,1.0,4.0,Boeing 767,1.0,Heathrow,DFW
2.0,"""profit at any price""",Solo Leisure,Business Class,Jan,3.0,2.0,1.0,Boeing 777,2.0,Heathrow,Hong Kong
7.9,"""service was great throughout""",Solo Leisure,Business Class,Jan,5.0,5.0,3.0,A321,3.0,Heathrow,AMM
8.2,"""overall a good experience""",Family Leisure,Economy Class,Jan,4.0,5.0,5.0,A320,4.0,Heathrow,FCO
2.0,"""British Airways has lost it class""",Couple Leisure,Economy Class,Jan,3.0,1.0,1.0,Boeing 747,1.0,Heathrow,Miami
2.0,"""make sure you pack a sandwich""",Couple Leisure,Economy Class,Jan,1.0,2.0,2.0,Boeing 777-300,1.0,Gatwick,Grantley Adams
2.8,"""inflight entertainment didn't work""",Couple Leisure,Economy Class,Dec,1.0,3.0,4.0,Boeing 787,2.0,Kuala Lumpur,Heathrow
10.0,"""experience was excellent""",Couple Leisure,Economy Class,Jan,4.0,5.0,5.0,A320,3.0,Athens,Heathrow
1.2,"""one of the worst airlines""",Solo Leisure,Economy Class,Jan,2.0,3.0,1.0,Boeing 787-8,2.0,Manchester,Heathrow
0.3,"""1 hour in the horrific queue""",Solo Leisure,Economy Class,Dec,1.0,1.0,1.0,Boeing 767,1.0,Manchester,Heathrow
2.8,"""have once again been disappointed by British Airways""",Family Leisure,Business Class,Jan,1.0,4.0,4.0,Boeing 747,3.0,Miami,Heathrow
0.8,"""cabin staff stomp up and down the aisle""",Couple Leisure,Economy Class,Dec,1.0,1.0,1.0,Boeing 777,1.0,SYD,Heathrow
0.9,"""too much cost cutting""",Couple Leisure,Business Class,Dec,2.0,4.0,1.0,A380-800,1.0,CDG,Heathrow
2.6,"""disappointing business class""",Couple Leisure,Business Class,Jan,1.0,4.0,3.0,Boeing 777,4.0,Heathrow,Hong Kong
9.4,"""cabin crew excelled throughout """,Solo Leisure,Business Class,Dec,3.0,5.0,4.0,Boeing 787-9,4.0,Toronto,Heathrow
5.2,"""tired, grey Boeing 777 interior""",Couple Leisure,Economy Class,Dec,3.0,3.0,3.0,Boeing 777,3.0,Heathrow,LIM
0.1,"""airline is going down fast""",Solo Leisure,Economy Class,Jan,1.0,2.0,1.0,A320,1.0,Athens,Heathrow
4.0,"""a very dated experience""",Solo Leisure,Economy Class,Dec,3.0,4.0,1.0,Boeing 747-400,2.0,ARN,Heathrow
4.3,"""disappointed with lack of food""",Solo Leisure,Economy Class,Jan,4.0,4.0,4.0,A321,2.0,IKA,Heathrow
4.2,"""pay more for another airline""",Solo Leisure,Economy Class,Dec,3.0,4.0,4.0,Boeing 747,2.0,CUN,Gatwick
10.0,"""offered excellent attentive service""",Couple Leisure,First Class,Dec,4.0,5.0,4.0,Boeing 747-400,4.0,Manchester,Heathrow
6.8,"""crew were helpful and attentive""",Family Leisure,Economy Class,Nov,3.0,4.0,5.0,Boeing 777-200ER,4.0,Gatwick,TPA
0.1,"""stood waiting for assistance""",Family Leisure,Economy Class,Dec,1.0,1.0,1.0,A380,1.0,Dubai,Heathrow
8.2,"""A380 is state of the art""",Solo Leisure,Premium Economy,Sep,5.0,4.0,5.0,A380,4.0,LAX,Heathrow
10.0,"""appreciation to be passed on""",Couple Leisure,Economy Class,Dec,5.0,5.0,5.0,Boeing 777-300 ER,3.0,BUD,Heathrow
7.3,"""a dirty seat and cabin""",Couple Leisure,Business Class,Dec,4.0,5.0,4.0,Boeing 747-400,2.0,FRA,Heathrow
0.9,"""no customer loyalty sought""",Couple Leisure,Economy Class,Dec,2.0,3.0,1.0,Boeing 787,2.0,BWI,Heathrow
4.7,"""not allowed to choose a seat""",Business,Economy Class,Dec,2.0,3.0,2.0,Boeing 767,2.0,Heathrow,PRG
7.0,"""the staff were on the ball""",Couple Leisure,Premium Economy,Dec,4.0,4.0,4.0,Boeing 787,2.0,Suvarnabhumi,Heathrow
0.1,"""give this rotten airline 0/10""",Solo Leisure,Premium Economy,Dec,2.0,4.0,1.0,A320,2.0,Dubai,Heathrow
1.9,"""contempt for its customers""",Business,Economy Class,Dec,1.0,1.0,1.0,A320,1.0,Heathrow,CPH
1.6,"""run by bean counters""",Couple Leisure,Economy Class,Dec,3.0,3.0,1.0,Boeing 777,1.0,Gatwick,ANU
2.5,"""terrible customer care""",Business,Economy Class,Dec,3.0,5.0,1.0,Boeing 767,4.0,KBP,Heathrow
8.2,"""very friendly cabin crew""",Solo Leisure,Economy Class,Dec,4.0,5.0,3.0,Boeing 747-400,4.0,Heathrow,Cape Town
1.1,"""surly and generally unhelpful""",Couple Leisure,Premium Economy,Dec,1.0,1.0,1.0,Boeing 777,1.0,Suvarnabhumi,Heathrow
2.2,"""It was hard as rock and very uncomfortable""",Couple Leisure,First Class,Dec,1.0,3.0,4.0,Boeing 777-200,2.0,UVF,Gatwick
6.3,"""convenient to where I live""",Business,Economy Class,Dec,4.0,3.0,4.0,A320,1.0,Heathrow,Edinburgh
9.5,"""heartily recommend""",Couple Leisure,Business Class,Dec,4.0,5.0,4.0,Boeing 777-300,5.0,Heathrow,Hong Kong
2.2,"""seats are so narrow""",Solo Leisure,Economy Class,Dec,1.0,2.0,2.0,Boeing 777,2.0,Heathrow,EZE
8.0,"""food was miserable""",Solo Leisure,Economy Class,Dec,1.0,3.0,3.0,A380,3.0,Hong Kong,Heathrow
3.1,"""the staff then disappeared""",Couple Leisure,Premium Economy,Nov,3.0,1.0,3.0,A320,2.0,Heathrow,Suvarnabhumi
3.9,"""quality and quantity was extremely poor""",Couple Leisure,Economy Class,Dec,3.0,3.0,3.0,A350,2.0,IAD,Heathrow
0.5,"""a cheap airline that cannot be relied on""",Business,Premium Economy,Dec,4.0,4.0,1.0,Boeing 787-9,1.0,SAN,Heathrow
0.3,"""did not get what we paid for""",Family Leisure,Premium Economy,Oct,1.0,1.0,1.0,Boeing 777,2.0,Heathrow,PHL
4.6,"""not up to par with competitors""",Business,Business Class,Nov,3.0,2.0,3.0,Boeing 747,2.0,DFW,Heathrow
4.3,"""profoundly uncomfortable when fully flat""",Solo Leisure,Business Class,Dec,2.0,4.0,4.0,Boeing 787-900,3.0,Heathrow,AUS
8.6,"""had a good flight on the A380""",Business,Business Class,Dec,4.0,4.0,4.0,A380,4.0,Heathrow,Hong Kong
0.2,"""extremely rude and aggressive""",Business,Premium Economy,Dec,1.0,1.0,1.0,Boeing 747,1.0,Manchester,Heathrow
10.0,"""quite enjoyable flights both ways""",Solo Leisure,Premium Economy,Dec,5.0,5.0,5.0,A380,5.0,IAD,Heathrow
2.8,"""poor facilities BA now provide""",Business,Business Class,Dec,2.0,3.0,2.0,Boeing 787,1.0,CTU,Heathrow
1.1,"""disinterested and unhelpful""",Couple Leisure,Economy Class,Dec,3.0,2.0,3.0,Boeing 747,1.0,Gatwick,MCO
6.9,"""service .. we don't really care""",Solo Leisure,Premium Economy,Dec,3.0,2.0,4.0,Boeing 777,2.0,Heathrow,SEA
10.0,"""great little short hop""",Solo Leisure,Economy Class,Nov,4.0,5.0,3.0,Boeing 787,4.0,Manchester,Heathrow
8.4,"""manage a trolley service """,Solo Leisure,Economy Class,Nov,4.0,5.0,4.0,A319,4.0,Heathrow,Manchester
1.4,"""like some cut-rate budget airline""",Business,Premium Economy,Dec,2.0,3.0,2.0,A320,1.0,NBO,Heathrow
6.2,"""meal left a little to be desired""",Solo Leisure,Business Class,Nov,4.0,3.0,2.0,Boeing 777,3.0,SEA,Heathrow
1.8,"""another disappointing experience from BA""",Couple Leisure,First Class,Dec,3.0,2.0,1.0,Boeing 777-200,1.0,Gatwick,UVF
5.3,"""not very friendly or helpful""",Business,Economy Class,Dec,3.0,2.0,4.0,Boeing 777-300,2.0,SYD,Singapore
1.2,"""paid to book 2 seats, both broken""",Couple Leisure,Economy Class,Nov,1.0,1.0,4.0,Boeing 747-400,1.0,Heathrow,Cape Town
6.7,"""a little disappointed""",Couple Leisure,Premium Economy,Oct,5.0,5.0,5.0,Boeing 787,3.0,Heathrow,YYC
0.6,"""nothing good to say about this trip""",Business,Business Class,Dec,1.0,2.0,1.0,A320,1.0,Heathrow,LIS
4.0,"""I would not recommend BA""",Couple Leisure,Economy Class,Nov,1.0,2.0,3.0,A380-800,1.0,Heathrow,Hong Kong
0.8,"""aircraft are very old""",Family Leisure,Economy Class,Dec,2.0,2.0,4.0,Boeing 777,2.0,Heathrow,Suvarnabhumi
7.5,"""the crew were pleasant and efficient""",Couple Leisure,Business Class,Dec,4.0,4.0,4.0,A321,4.0,Heathrow,MAD
1.3,"""hit a new low for me""",Couple Leisure,Business Class,Dec,2.0,1.0,1.0,Boeing 777,2.0,Singapore, SYD
0.4,"""one of the worst journeys""",Couple Leisure,Economy Class,Nov,1.0,1.0,1.0,Boeing 787-8,1.0,Hong Kong,Heathrow
5.7,"""relegating to a low cost airline""",Couple Leisure,Economy Class,Dec,2.0,4.0,4.0,Boeing 747,1.0,Heathrow,ARN
2.6,"""closer to low-cost carriers""",Business,Business Class,Nov,1.0,2.0,3.0,A321,1.0,Heathrow,ZRH
2.7,"""the service was merely adequate""",Couple Leisure,Business Class,Nov,2.0,1.0,4.0,Boeing 767,2.0,Gatwick,MRU
0.9,"""absolute disgrace""",Solo Leisure,Economy Class,Jan,3.0,3.0,1.0,Boeing 777,3.0,Heathrow,IST
8.8,"""greatest assets is its cabin crew""",Business,First Class,Nov,5.0,5.0,3.0,A380,5.0,Singapore,Heathrow
7.2,"""friendly and attentive""",Solo Leisure,Economy Class,Nov,4.0,4.0,4.0,Boeing 777-200ER,4.0,John F. Kennedy,Heathrow
7.5,"""a really good flight""",Couple Leisure,Economy Class,Oct,3.0,4.0,3.0,A380-800,4.0,Heathrow,BHD
10.0,"""crew on top of their game""",Business,First Class,Nov,5.0,5.0,5.0,Boeing 777,4.0,Heathrow,Toronto
6.9,"""tinted windows was an issue""",Couple Leisure,Business Class,Nov,5.0,5.0,3.0,Boeing 787-800,5.0,MAA,Heathrow
8.4,"""unobtrusive service provided""",Business,Premium Economy,Nov,5.0,5.0,5.0,A380,5.0,Singapore,Heathrow
9.4,"""tasty food served promptly""",Couple Leisure,Economy Class,Nov,3.0,5.0,3.0,Boeing 777,5.0,TLV,Heathrow
6.1,"""service varies each time""",Solo Leisure,Business Class,Nov,4.0,5.0,2.0,A320,3.0,RAK,Gatwick
2.7,"""was a horrible experience""",Family Leisure,Economy Class,Nov,4.0,2.0,1.0,Boeing 767,1.0,SYD,Singapore
0.2,"""BA is beneath contempt""",Business,Economy Class,Nov,1.0,1.0,1.0,Boeing 787-8,1.0,Amsterdam,Heathrow
7.7,"""always hit and mostly miss""",Solo Leisure,First Class,Apr,3.0,3.0,2.0,Boeing 747-400,3.0,Heathrow,San Francisco
6.5,"""crew not overly friendly""",Family Leisure,Economy Class,Oct,3.0,4.0,5.0,Boeing 777-200,3.0,Heathrow,Toronto
4.0,"""the value for money is no longer given""",Business,Business Class,Nov,3.0,5.0,3.0,Boeing 747-400,2.0,DUS,Heathrow
10.0,"""could not fault anything""",Business,First Class,Nov,5.0,5.0,5.0,A380,5.0,Heathrow,Singapore
1.1,"""nightmare experience""",Business,Premium Economy,Aug,1.0,1.0,1.0,A320-200,1.0,Heathrow,DEL
1.0,"""never be using BA again""",Couple Leisure,Economy Class,Nov,1.0,5.0,1.0,Boeing 787,2.0,RAK,Gatwick
8.8,"""clean looking A320""",Business,Economy Class,Nov,4.0,5.0,5.0,A320,4.0,Heathrow,BHD
8.3,"""staff were friendly""",Solo Leisure,Economy Class,Nov,3.0,4.0,4.0,Boeing 737,3.0,Heathrow,KBP
8.5,"""a very comfortable flight""",Solo Leisure,First Class,Nov,5.0,5.0,4.0,Boeing 747-400,5.0,Heathrow,LAS
1.2,"""a worn out and low cost discount carrier""",Business,Economy Class,Aug,1.0,1.0,2.0,Various,2.0,Suvarnabhumi,LAD & ABV
2.4,"""food absolutely atrocious""",Family Leisure,Economy Class,Aug,1.0,2.0,2.0,Boeing 747-400,2.0,Heathrow,IAH
0.8,"""cutting too many corners""",Couple Leisure,Premium Economy,Sep,3.0,1.0,3.0,Boeing 777,1.0,Gatwick,ANU
5.1,"""staff service completely forgettable""",Business,Economy Class,Nov,3.0,2.0,4.0,A321,1.0,Heathrow,DME
1.2,"""a total embarrassment""",Business,Economy Class,Oct,2.0,1.0,4.0,Boeing 777,1.0,Gatwick,Grantley Adams
2.7,"""food not great and entertainment options poor""",Couple Leisure,First Class,Nov,5.0,3.0,2.0,A380,1.0,O.R. Tambo,Heathrow
8.2,"""service was the usual British Airways""",Couple Leisure,Premium Economy,Nov,5.0,4.0,3.0,A380,4.0,Miami,Heathrow
9.4,"""the new seats are very comfortable""",Couple Leisure,Premium Economy,Nov,5.0,5.0,5.0,Boeing 787-900,4.0,Heathrow,BWI
0.8,"""low-cost airline standard""",Solo Leisure,Economy Class,Nov,1.0,2.0,1.0,A320,1.0,SOF,Heathrow
7.2,"""BA continue to cut service""",Couple Leisure,First Class,Nov,4.0,4.0,1.0,Boeing 787-800,1.0,Toronto,Heathrow
1.9,"""BA have refused all responsibility""",Business,Economy Class,Oct,3.0,4.0,2.0,Boeing 747-400,3.0,Heathrow,Kuala Lumpur
2.1,"""space provided for business class is just ludicrous""",Business,Business Class,Nov,1.0,2.0,3.0,A321,1.0,Cape Town,DUR
9.8,"""cabin was immaculate""",Couple Leisure,First Class,Nov,5.0,5.0,5.0,A380,4.0,Heathrow,IAD
2.7,"""it was beyond ridiculous""",Family Leisure,Economy Class,Nov,2.0,2.0,1.0,Boeing 777-200,2.0,BCN,Heathrow
8.8,"""excellent service overall""",Couple Leisure,First Class,Nov,5.0,5.0,4.0,Boeing 747-400,4.0,DFW,Heathrow
7.1,"""all we got was a small bag of crisps""",Solo Leisure,Economy Class,Sep,3.0,5.0,5.0,A320-200,2.0,Heathrow,TXL
3.9,"""do not know if I will fly again""",Business,Economy Class,Nov,5.0,2.0,1.0,A320,1.0,Heathrow,LIS
0.7,"""I will no longer fly with BA""",Family Leisure,Economy Class,Oct,3.0,3.0,2.0,A380-800,1.0,Heathrow,Miami
8.0,"""special when the service is ok""",Business,Economy Class,Nov,5.0,5.0,5.0,A320,5.0,LIS,Heathrow
3.7,"""another underwhelming experience""",Family Leisure,First Class,Nov,3.0,4.0,2.0,Boeing 787,2.0,Heathrow,Dubai
3.1,"""underwhelming due to bean counters""",Couple Leisure,First Class,Nov,3.0,4.0,2.0,Boeing 777,1.0,Dubai,Heathrow
4.2,"""bit amateur for business class """,Solo Leisure,Business Class,Nov,2.0,2.0,3.0,A320,3.0,Gatwick,ALC
3.2,"""was one bad trip too many""",Solo Leisure,Premium Economy,Nov,2.0,2.0,2.0,Boeing 777-200,1.0,Heathrow,Suvarnabhumi
1.2,"""plane very dated and dirty""",Couple Leisure,Premium Economy,Nov,1.0,1.0,1.0,Boeing 777,1.0,Gatwick,Grantley Adams
10.0,"""cabin crew did a sterling job""",Solo Leisure,Economy Class,Oct,5.0,5.0,5.0,Boeing 777-200,4.0,DUB,London
2.4,"""seat was very uncomfortable""",Solo Leisure,Economy Class,Nov,1.0,1.0,1.0,Boeing 747-400,3.0,O.R. Tambo,Heathrow
8.7,"""service was second to none""",Couple Leisure,First Class,Oct,5.0,5.0,4.0,A380,5.0,Heathrow,LAX
2.4,"""Goodbye British Airways""",Couple Leisure,Premium Economy,Nov,2.0,1.0,3.0,Boeing 777,1.0,MRU,Gatwick
4.0,"""getting worse and worse""",Solo Leisure,Economy Class,Nov,3.0,5.0,5.0,A320,1.0,Athens,Heathrow
7.3,"""need to revaluate their offering""",Couple Leisure,First Class,Oct,3.0,4.0,4.0,Boeing 787-9,3.0,Heathrow,Kuala Lumpur
2.7,"""budget service at a high price""",Solo Leisure,Economy Class,Aug,1.0,1.0,3.0,Boeing 777-200ER,2.0,Gatwick,LIM
3.9,"""BA has gone downhill""",Business,Economy Class,Nov,2.0,2.0,2.0,Boeing 767-300,1.0,LCA,Heathrow
2.3,"""nothing short of a joke""",Family Leisure,Business Class,Nov,1.0,1.0,1.0,Boeing 777-200,1.0,Gatwick,MCO
6.5,"""Cabin looked worn and dated""",Solo Leisure,Economy Class,Nov,3.0,4.0,3.0,Boeing 777,1.0,Heathrow,Suvarnabhumi
5.0,"""not worth a premium""",Business,Business Class,Nov,2.0,5.0,4.0,A319,1.0,Heathrow,Geneva
8.9,"""cabin crew were excellent in every way""",Couple Leisure,Economy Class,Oct,4.0,5.0,4.0,A380-800,4.0,Heathrow,LAX
8.6,"""we had been downgraded""",Couple Leisure,Premium Economy,Nov,2.0,2.0,5.0,Boeing 777,1.0,UVF ,Gatwick
1.2,"""Will not use BA again""",Couple Leisure,Economy Class,Oct,2.0,3.0,4.0,Boeing 777-200,2.0,Heathrow,Boston
8.4,"""well worth the money""",Family Leisure,Economy Class,Oct,3.0,4.0,4.0,A319,3.0,Gatwick,VLC
1.6,"""they started dropping the ball""",Solo Leisure,Economy Class,Nov,3.0,4.0,3.0,A321,2.0,Gatwick,MAD
2.2,"""leg room was poor""",Couple Leisure,Economy Class,Oct,2.0,3.0,1.0,Boeing 747-400,2.0,Heathrow,John F. Kennedy
1.9,"""to fly to disappoint""",Business,Business Class,Oct,2.0,4.0,2.0,A320,1.0,Heathrow,OTP
9.5,"""stewardesses were very friendly and attentive""",Solo Leisure,Economy Class,Oct,4.0,5.0,4.0,Boeing 787,5.0,ICN,Heathrow
8.3,"""good service levels""",Solo Leisure,Economy Class,Oct,4.0,5.0,3.0,A380,4.0,Heathrow,O.R. Tambo
3.9,"""no longer my airline of choice""",Couple Leisure,Business Class,Oct,3.0,3.0,3.0,A380,2.0,Hong Kong,Heathrow
8.4,"""BA crews are tremendous""",Solo Leisure,Business Class,Oct,5.0,5.0,5.0,Boeing 747-400,5.0,Heathrow,ORD
4.0,"""standard slipped considerably""",Solo Leisure,Economy Class,Oct,3.0,2.0,2.0,Boeing 747-400,1.0,Vancouver,Heathrow
6.7,"""smart and clean A321""",Couple Leisure,Economy Class,Oct,3.0,4.0,2.0,A380-800,1.0,Heathrow,AGP
8.9,"""pleasantly surprised by the experience""",Couple Leisure,Premium Economy,Oct,4.0,5.0,5.0,A380,4.0,Heathrow,Miami
10.0,"""cabin crew were professional and unobtrusive""",Solo Leisure,Economy Class,Oct,5.0,5.0,5.0,Boeing 747-400,4.0,KWI,Heathrow
10.0,"""cheaper than EasyJet""",Business,Economy Class,Oct,3.0,5.0,5.0,A320,3.0,Edinburgh,Gatwick
4.0,"""BA trying to save money""",Business,Premium Economy,Oct,3.0,1.0,2.0,A380,2.0,Singapore,Heathrow
1.4,"""don't make same mistake as me""",Business,Business Class,Oct,1.0,1.0,1.0,A319,1.0,Heathrow,BRU
4.0,"""embarrass flight staff so much""",Couple Leisure,Economy Class,Oct,3.0,5.0,3.0,Boeing 747-400,1.0,Athens,Heathrow
6.1,"""excellent and friendly cabin crew""",Business,Business Class,Oct,3.0,5.0,1.0,A320,3.0,MLA,Gatwick
3.8,"""very friendly but not attentive""",Couple Leisure,Business Class,Oct,3.0,3.0,3.0,Boeing 777-200,2.0,Suvarnabhumi,Heathrow
4.8,"""another less than satisfactory experience""",Family Leisure,Business Class,Oct,1.0,4.0,1.0,A319,2.0,Gatwick,Pisa
1.0,"""the cabin appeared dated and untidy""",Solo Leisure,Premium Economy,Sep,3.0,4.0,1.0,Boeing 777,3.0,CNX ,Suvarnabhumi
7.9,"""great welcome and service""",Couple Leisure,Business Class,Sep,5.0,3.0,5.0,Boeing 747-400,4.0,Heathrow,LAX
1.9,"""cost cutting to extreme levels""",Business,Premium Economy,Oct,2.0,2.0,3.0,Boeing 777-300,1.0,HND,Heathrow
8.9,"""had a perfectly satisfactory flight""",Solo Leisure,First Class,Oct,4.0,4.0,4.0,Boeing 747,3.0,Heathrow,Boston
1.1,"""listening to cabin crew moaning""",Couple Leisure,Economy Class,Oct,2.0,1.0,1.0,A380,1.0,San Francisco,Heathrow
2.6,"""never again British Airways""",Couple Leisure,Economy Class,Oct,1.0,1.0,2.0,Boeing 777-200,2.0,Heathrow,San Francisco
2.9,"""lost my patience with BA""",Business,First Class,Oct,4.0,4.0,1.0,A380,3.0,Heathrow,Singapore
0.2,"""another abysmal flight from BA""",Solo Leisure,Economy Class,Oct,1.0,1.0,3.0,A321,1.0,BRI,Gatwick
4.7,"""disappointed and expected so much more""",Business,First Class,Jun,3.0,4.0,4.0,Boeing 747,2.0,O.R. Tambo,Heathrow
2.5,"""IFE poor to say the least""",Solo Leisure,Economy Class,Sep,2.0,2.0,3.0,Boeing 777-200ER,3.0,Suvarnabhumi,Heathrow
4.0,"""service become far more erratic""",Couple Leisure,Business Class,Oct,1.0,1.0,1.0,A320,3.0,Gatwick,MLA
1.3,"""not travel with them again""",Solo Leisure,Premium Economy,Oct,2.0,1.0,2.0,Boeing 777-200,1.0,SYD,Singapore
1.9,"""used to be such a class act""",Solo Leisure,Business Class,Oct,1.0,3.0,1.0,Boeing 787-9,1.0,John F. Kennedy,Heathrow
4.9,"""no longer the premier airline""",Family Leisure,Economy Class,Oct,3.0,3.0,3.0,A319,2.0,Gatwick,NCE
2.1,"""Very poor service""",Solo Leisure,First Class,Aug,4.0,1.0,2.0,Boeing 787-9,1.0,Heathrow,Kuala Lumpur
10.0,"""the crew make the difference""",Solo Leisure,Economy Class,Oct,5.0,5.0,5.0,A321-200,5.0,PMI,Heathrow
8.0,"""lack of space ruined an otherwise flawless flight""",Couple Leisure,Economy Class,Oct,1.0,4.0,3.0,Boeing 787,4.0,Heathrow,ICN
1.6,"""breakfast was a bad joke""",Couple Leisure,Economy Class,Sep,3.0,1.0,1.0,Boeing 777,1.0,SEA,Heathrow
1.4,"""worst long-haul experience""",Family Leisure,Economy Class,Aug,1.0,2.0,2.0,A380,1.0,Singapore,Heathrow
0.6,"""yet another abysmal flight""",Solo Leisure,Economy Class,Oct,1.0,1.0,1.0,Boeing 777-300,1.0,Heathrow,BUD
4.2,"""they are unreliable """,Couple Leisure,First Class,Sep,2.0,4.0,2.0,A380,4.0,IAD,Heathrow
1.7,"""not customer focussed in any way whatsoever""",Family Leisure,Economy Class,Oct,2.0,4.0,4.0,A320,1.0,AGP,Gatwick
2.5,"""how disappointed we were""",Couple Leisure,Business Class,Oct,3.0,4.0,4.0,Boeing 777,2.0,Gatwick,MRU
5.5,"""the lowering of standards""",Solo Leisure,Economy Class,Oct,2.0,4.0,2.0,A321 Neo,1.0,DBV,Gatwick
2.8,"""avoid British Airways at all costs""",Couple Leisure,Business Class,Oct,2.0,5.0,1.0,Boeing 787-8,5.0,YYC,Heathrow
1.6,"""I dislike them so much""",Couple Leisure,Economy Class,Oct,4.0,2.0,2.0,Boeing 787-8,3.0,Heathrow,Geneva
1.5,"""terrible, uncaring airline""",Family Leisure,Economy Class,Sep,3.0,3.0,1.0,Boeing 747-400,2.0,London,AGP
4.3,"""this is a humourless service""",Solo Leisure,Economy Class,Oct,3.0,2.0,3.0,Boeing 747-400,1.0,Heathrow,DEN
1.5,"""the food is a disgrace""",Business,First Class,Jul,4.0,4.0,1.0,Boeing 777,2.0,Dubai,Heathrow
5.1,"""it was like being in a time warp""",Couple Leisure,Economy Class,Oct,2.0,2.0,4.0,Boeing 747-400,2.0,LAS,Heathrow
8.3,"""plane was clearly dated""",Solo Leisure,Economy Class,Oct,4.0,5.0,2.0,Boeing 747,4.0,Boston,Heathrow
9.6,"""crew were extremely nice""",Solo Leisure,Economy Class,Oct,5.0,5.0,4.0,A320,4.0,Heathrow,LIS
3.5,"""thought BA couldn't stoop any lower""",Business,Premium Economy,May,3.0,4.0,4.0,Boeing 777,1.0,Toronto,Heathrow
3.7,"""indifferent attitudes of cabin service""",Couple Leisure,Premium Economy,Oct,3.0,2.0,2.0,Boeing 777,3.0,Heathrow,ATL
6.0,"""reduction in quality of food""",Couple Leisure,Economy Class,Sep,3.0,4.0,1.0,Boeing 777,2.0,Boston,Heathrow
4.5,"""luggage misplaced in the plane""",Business,Economy Class,Oct,3.0,2.0,2.0,Boeing 747-400,3.0,John F. Kennedy,Heathrow
3.3,"""staff were just about acceptable""",Couple Leisure,Business Class,Sep,1.0,2.0,3.0,A380,1.0,O.R. Tambo,Heathrow
7.1,"""Seats hard but okay""",Couple Leisure,Economy Class,Sep,3.0,4.0,3.0,A319,3.0,Heathrow,BGO
1.2,"""staff were rude and inattentive""",Couple Leisure,Economy Class,Sep,3.0,1.0,3.0,Boeing 777,1.0,Gatwick,MRU
3.4,"""a mistake to choose BA""",Couple Leisure,Business Class,Sep,1.0,1.0,4.0,A321,1.0,CDG,Heathrow
1.3,"""unlikely we will ever fly with them again""",Couple Leisure,Economy Class,Jul,3.0,3.0,1.0,Boeing 777,3.0,Glasgow,London
1.3,"""not fit for purpose""",Family Leisure,Economy Class,Sep,3.0,3.0,2.0,Boeing 767,3.0,LCA,Heathrow
8.7,"""provided a high quality service""",Couple Leisure,First Class,Sep,4.0,5.0,4.0,A380,4.0,Singapore,Heathrow
5.0,"""trading on previous good reputation""",Family Leisure,Economy Class,Sep,1.0,3.0,3.0,Boeing 777,1.0,SJO,Gatwick
5.0,"""expectations low and still disappointed""",Couple Leisure,Business Class,Sep,3.0,3.0,5.0,Boeing 777-200,2.0,Heathrow,Suvarnabhumi
8.2,"""very helpful and attentive""",Couple Leisure,First Class,Sep,3.0,4.0,5.0,Boeing 777,4.0,MEL,SYD
8.7,"""crew professional and efficient""",Couple Leisure,Business Class,Sep,3.0,4.0,5.0,Boeing 767,3.0,Heathrow,Amsterdam
7.8,"""I was unable to select a seat""",Solo Leisure,Premium Economy,Sep,4.0,3.0,1.0,Boeing 787,3.0,SJC,Heathrow
7.1,"""start offering food for purchase?""",Solo Leisure,Economy Class,Sep,4.0,4.0,3.0,A319,2.0,Gatwick,OPO
4.4,"""feel of a budget carrier""",Solo Leisure,Business Class,Sep,2.0,2.0,3.0,Boeing 747-400,3.0,BAH,Heathrow
7.4,"""excellent cabin crew""",Solo Leisure,Business Class,Sep,2.0,5.0,3.0,Boeing 777,4.0,Gatwick,John F. Kennedy
8.6,"""cabin crew were polite, friendly and efficient""",Couple Leisure,Economy Class,Sep,3.0,5.0,4.0,A320,3.0,Heathrow,KGS
7.6,"""staff were professional and helpful""",Couple Leisure,Economy Class,Sep,4.0,5.0,4.0,A380,3.0,Heathrow,O.R. Tambo
0.4,"""was a nightmare experience""",Business,Premium Economy,Sep,2.0,5.0,1.0,Boeing 777-300,1.0,ATL,Heathrow
0.4,"""worst experience I have had flying""",Couple Leisure,Economy Class,Sep,1.0,2.0,1.0,Boeing 777-300,1.0,ATL,Heathrow
7.9,"""need to pay for selecting seats,""",Business,Premium Economy,Sep,4.0,4.0,3.0,Boeing 787,4.0,AUH,Heathrow
2.9,"""why would anyone fly BA""",Family Leisure,Premium Economy,Sep,2.0,2.0,3.0,Boeing 777-200,1.0,London,John F. Kennedy
5.1,"""race to complete dinner service """,Business,Economy Class,Sep,3.0,2.0,3.0,A380,3.0,Heathrow,O.R. Tambo
3.4,"""one of the worst flight/travel experiences""",Family Leisure,Economy Class,Sep,2.0,1.0,1.0,Boeing 787,2.0,AUH,Heathrow
2.2,"""food just gets worse each trip""",Family Leisure,Economy Class,Sep,2.0,5.0,2.0,A319,1.0,Gatwick,AGP
1.5,"""possibly cabin crew were embarrassed""",Solo Leisure,Economy Class,Sep,2.0,1.0,1.0,A320,1.0,BUD,Heathrow
7.8,"""food tasty and staff friendly""",Solo Leisure,Business Class,Sep,4.0,5.0,5.0,Boeing 747,4.0,Heathrow,Amsterdam
4.7,"""cabin crew very apologetic""",Family Leisure,Economy Class,Aug,3.0,4.0,1.0,Boeing 747,1.0,Heathrow,SEA
1.3,"""rude and uncaring""",Solo Leisure,Economy Class,Sep,2.0,1.0,1.0,Boeing 787-9,1.0,Heathrow,BUD
1.8,"""by far the worst cabin crew""",Solo Leisure,Business Class,Sep,1.0,1.0,3.0,Boeing 767,1.0,Heathrow,Athens
3.6,"""no one cares about anything""",Couple Leisure,Economy Class,Aug,3.0,4.0,2.0,Boeing 777-300,3.0,Gatwick,BIO
5.3,"""crew very good, friendly and chatty""",Business,Business Class,Sep,4.0,5.0,4.0,Boeing 767,4.0,Heathrow,IST
4.6,"""positioning as a budget airline""",Solo Leisure,Economy Class,Aug,2.0,3.0,3.0,Boeing 777,2.0,MAD,Singapore
1.5,"""not worth paying for First Class""",Couple Leisure,First Class,Sep,1.0,1.0,1.0,Boeing 747-400,1.0,Miami,Heathrow
2.0,"""BA on this route are a joke""",Couple Leisure,Business Class,Sep,1.0,2.0,1.0,A320,1.0,Heathrow,KRK
3.9,"""better to find another airline""",Business,Economy Class,Sep,1.0,3.0,4.0,Boeing 747,4.0,Heathrow,DEN
7.2,"""reasonable value for money""",Solo Leisure,Economy Class,Sep,3.0,4.0,5.0,Boeing 747-400,4.0,Heathrow,Cape Town
4.1,"""more uncomfortable than many airlines""",Solo Leisure,Economy Class,Sep,2.0,3.0,2.0,Boeing 747,3.0,Heathrow,Miami
1.8,"""unfair and bad business practice""",Couple Leisure,Economy Class,Aug,1.0,1.0,2.0,A380,1.0,Heathrow,O.R. Tambo
2.4,"""no warm food on recent flights""",Solo Leisure,Economy Class,Sep,2.0,3.0,2.0,Boeing 747,1.0,NAP,Gatwick
3.6,"""only 4 seats available to choose from""",Family Leisure,Economy Class,Sep,3.0,4.0,3.0,A320,1.0,Heathrow,LCA
3.1,"""look at alternatives next time""",Couple Leisure,Business Class,Sep,3.0,3.0,2.0,A320,1.0,DBV,Gatwick
0.2,"""First Class is average at best""",Business,First Class,Aug,3.0,4.0,1.0,Boeing 777,2.0,ATL,Heathrow
8.7,"""there are more cutbacks""",Couple Leisure,Economy Class,Sep,4.0,4.0,4.0,A319,2.0,Heathrow,DUB
6.0,"""a bit disappointing really""",Couple Leisure,Business Class,Sep,3.0,5.0,3.0,A320,3.0,Gatwick,DBV
4.5,"""very disappointed by gate agents""",Solo Leisure,Business Class,Sep,4.0,4.0,1.0,A380-800,3.0,Heathrow,Hong Kong
8.8,"""seat pitch on the small side""",Solo Leisure,Business Class,Sep,3.0,5.0,3.0,A319,4.0,Amsterdam,Heathrow
3.6,"""service does not meet standards""",Couple Leisure,Economy Class,Sep,4.0,3.0,3.0,Boeing 777,1.0,OPO,Gatwick
1.5,"""gradually declined in quality""",Couple Leisure,Economy Class,Sep,1.0,1.0,3.0,Boeing 747-400,1.0,NAP,Gatwick
9.0,"""crew were polite and helpful""",Family Leisure,Economy Class,Sep,4.0,5.0,4.0,Boeing 777,2.0,Gatwick,OPO
2.0,"""in all a waste of money""",Business,Business Class,Aug,1.0,1.0,1.0,A320,1.0,Heathrow,TXL
2.9,"""BA treats as a normal practice""",Business,Business Class,Sep,4.0,4.0,1.0,A319,3.0,Heathrow,SVO
1.1,"""aircraft was very old, outdated""",Couple Leisure,Economy Class,Sep,2.0,4.0,3.0,Boeing 787-8,2.0,MUC,Heathrow
6.4,"""cabin crew was professional""",Solo Leisure,Economy Class,Mar,4.0,4.0,2.0,A320,4.0,VIE,Gatwick
3.1,"""cancelled due to technical issues""",Family Leisure,Economy Class,Aug,4.0,3.0,3.0,E170,3.0,London,Geneva
7.1,"""comfortable and enough legroom""",Family Leisure,Economy Class,Jul,4.0,4.0,4.0,A319,3.0,Heathrow,MUC
2.1,"""Club Europe seats are a joke""",Family Leisure,Business Class,Aug,3.0,5.0,5.0,A320,2.0,Gatwick,MLA
4.6,"""cabin crew excellent""",Family Leisure,Business Class,Aug,1.0,5.0,3.0,Boeing 767,5.0,Heathrow,LCA
8.8,"""the best thing was the crew""",Business,Economy Class,Aug,2.0,5.0,5.0,Boeing 787-900,4.0,Heathrow,PVG
0.8,"""crew below average""",Family Leisure,Economy Class,Aug,3.0,1.0,1.0,A380,1.0,PRG,Heathrow
9.9,"""breakfast was very tasty""",Business,Economy Class,Aug,5.0,5.0,4.0,A320,5.0,Heathrow,Glasgow
3.7,"""seats are dirty and ripped""",Family Leisure,Business Class,Aug,1.0,2.0,2.0,Boeing 747-400,2.0,PHX,Heathrow
6.3,"""charges for baggage are outrageous""",Solo Leisure,Economy Class,Aug,5.0,5.0,2.0,A320,2.0,LIS,Heathrow
3.2,"""was like a no frills airline""",Family Leisure,Economy Class,Aug,4.0,3.0,3.0,A320,2.0,Gatwick,RAK
6.5,"""service was good""",Solo Leisure,Economy Class,Aug,3.0,4.0,4.0,Boeing 767,3.0,BCN,Heathrow
2.4,"""no longer lives up to expectations""",Business,Economy Class,Aug,4.0,2.0,3.0,Boeing 767,1.0,Heathrow,BHD
4.7,"""doesn't cut the mustard any longer""",Family Leisure,First Class,Jul,5.0,2.0,5.0,Boeing 747-400,1.0,Heathrow,Boston
0.2,"""no longer competes on service""",Business,Economy Class,Aug,1.0,2.0,2.0,A320,1.0,TXL,Heathrow
4.9,"""decline in the BA level of service""",Solo Leisure,Economy Class,Aug,3.0,4.0,2.0,A320,1.0,WAW,Heathrow
3.7,"""aging BA B747 aircraft""",Couple Leisure,Economy Class,Aug,2.0,2.0,1.0,Boeing 747-400,3.0,Manchester,Heathrow
2.2,"""experience has really declined""",Family Leisure,Premium Economy,Aug,5.0,2.0,1.0,787,3.0,Heathrow,YYC
3.6,"""BA has declined significantly""",Family Leisure,First Class,Jul,2.0,2.0,3.0,A320,1.0,MLA,LHR 
2.0,"""First Class is a total wate of money""",Business,First Class,Aug,4.0,4.0,5.0,Boeing 777,1.0,PHL,Heathrow
9.7,"""every time I complain about the breakfast""",Couple Leisure,Business Class,Jul,5.0,4.0,5.0,Boeing 747-400,3.0,Heathrow,Boston
1.9,"""customer services representatives were unhelpful""",Couple Leisure,Business Class,Aug,3.0,3.0,1.0,Boeing 777,3.0,NAP,Gatwick
6.7,"""quick and hassle free""",Business,Economy Class,Aug,4.0,5.0,4.0,A321,2.0,Heathrow,CDG
3.9,"""choice between a mini Kitkat or a mini mars bar""",Solo Leisure,Economy Class,Aug,3.0,3.0,3.0,A380,1.0,ABV,Heathrow
4.9,"""hope this experience is not repeated""",Family Leisure,Economy Class,Aug,4.0,5.0,4.0,Boeing 777-300,1.0,Heathrow,IST
7.2,"""flight time should justify at least a sandwich""",Solo Leisure,Economy Class,Aug,3.0,3.0,4.0,A320,2.0,Heathrow,KRK
2.9,"""bag did not arrive into Dublin""",Solo Leisure,Economy Class,Aug,3.0,2.0,1.0,A320,2.0,Heathrow,DUB
7.5,"""friendly and professional""",Business,Economy Class,Aug,3.0,5.0,3.0,A380,5.0,Heathrow,Vancouver
5.7,"""A380 is unconscionably crammed""",Couple Leisure,Business Class,Aug,1.0,3.0,3.0,A380,3.0,Heathrow,IAD 
0.9,"""no respect for economy travellers""",Solo Leisure,Economy Class,Aug,1.0,2.0,2.0,Boeing 787-8,1.0,Heathrow,YUL
10.0,"""very friendly staff""",Solo Leisure,Economy Class,Aug,5.0,5.0,5.0,A321,5.0,ZRH,Heathrow
7.9,"""crew were kind and unobtrusive""",Solo Leisure,Economy Class,Aug,3.0,4.0,4.0,Boeing 777-200,3.0,Boston,Heathrow
10.0,"""superb service was provided""",Couple Leisure,Business Class,Apr,5.0,5.0,3.0,Boeing 777-236 ER,5.0,Gatwick,TPA
1.1,"""why do they fly such wrecks?""",Business,Business Class,Aug,1.0,1.0,1.0,A319,1.0,FRA,Heathrow
2.7,"""not provided the service or flight I paid for""",Couple Leisure,Business Class,Jun,1.0,3.0,4.0,A380-800,3.0,DUB,PHL
2.9,"""experience with BA has been awful""",Solo Leisure,Premium Economy,Aug,3.0,3.0,1.0,Boeing 747,3.0,MEX,Heathrow
8.2,"""very satisfied with flight and service""",Solo Leisure,Economy Class,Aug,4.0,4.0,4.0,Boeing 777-300 ER,4.0,Singapore,SYD
7.0,"""great cabin crew on both sectors""",Couple Leisure,Business Class,Jun,4.0,5.0,4.0,Boeing 777,3.0,Heathrow,NAS
6.1,"""provided reasonable cabin service""",Family Leisure,Business Class,Jul,4.0,3.0,3.0,A380,3.0,Miami,Heathrow
7.8,"""not direct but it was well worth it.""",Business,Premium Economy,Jul,4.0,4.0,4.0,Boeing 777,4.0,DOH,BAH
6.6,"""main course was simply dreadful""",Solo Leisure,First Class,Jul,3.0,5.0,4.0,Boeing 747-400,1.0,GRU,Heathrow
7.8,"""don't seem to be best at anything""",Couple Leisure,Business Class,Apr,4.0,5.0,3.0,Boeing 787,3.0,Glasgow,Heathrow
7.3,"""overall, a reasonable flight""",Family Leisure,Business Class,Jul,5.0,3.0,3.0,A380,4.0,Heathrow,Miami
7.9,"""lounge at T5 is large and busy""",Business,Business Class,Jul,4.0,4.0,4.0,A320,4.0,Athens,Heathrow
7.4,"""plane was spotless""",Solo Leisure,Economy Class,Jul,3.0,4.0,3.0,Boeing 777,3.0,London,FLR
6.5,"""aircraft hadn't been cleaned""",Business,Economy Class,Jul,3.0,3.0,4.0,Boeing 767-300,3.0,FRA,Heathrow
10.0,"""cannot fault the airline""",Couple Leisure,Economy Class,Jul,5.0,5.0,5.0,A319,5.0,LBA,Heathrow
5.7,"""service was variable""",Business,Economy Class,Jul,4.0,3.0,1.0,Boeing 777-200,3.0,BLR,Heathrow
5.4,"""lack lustre flying experience""",Business,Business Class,Jul,3.0,3.0,2.0,Boeing 787-9,3.0,Suvarnabhumi,Heathrow
0.3,"""they have just lost a customer""",Couple Leisure,Premium Economy,Jul,1.0,1.0,1.0,A380-800,1.0,MRU,Heathrow
0.8,"""meal 3 sandwiches and a stodgy cake""",Family Leisure,Business Class,Jul,1.0,2.0,1.0,A321,1.0,Glasgow,Heathrow
0.5,"""Shocking customer service""",Couple Leisure,Economy Class,Jul,1.0,3.0,3.0,A321 Neo,4.0,ABZ,Heathrow
4.1,"""definitely not worth it""",Couple Leisure,First Class,Jul,3.0,1.0,5.0,Boeing 777,2.0,Heathrow,DFW
9.4,"""a dedicated and professional crew""",Solo Leisure,First Class,Jul,5.0,5.0,5.0,Boeing 777-200,5.0,Heathrow,John F. Kennedy
9.3,"""no one climbing over you""",Solo Leisure,Business Class,Jul,5.0,5.0,5.0,Boeing 747-400,4.0,John F. Kennedy,Heathrow
3.7,"""not BA's finest hour""",Solo Leisure,Business Class,Jul,1.0,3.0,1.0,Boeing 777-300,1.0,BSL,Heathrow
7.0,"""recent experiences have been good""",Couple Leisure,Business Class,Jul,4.0,5.0,4.0,Boeing 787,3.0,Heathrow,YYC
2.8,"""never set foot in another BA flight""",Business,First Class,Jul,4.0,4.0,1.0,Boeing 777,4.0,Heathrow,Boston
6.3,"""a matter-of-fact efficient trip""",Business,Business Class,Jul,3.0,4.0,4.0,A380,3.0,Heathrow,ZRH
0.1,"""no longer worth any extra cost""",Business,Business Class,Jul,1.0,2.0,1.0,A320,1.0,Heathrow,Geneva
2.1,"""not value for money""",Couple Leisure,Business Class,Jul,3.0,2.0,1.0,Boeing 777-200,1.0,Amsterdam,Heathrow
1.2,"""extremely disappointed""",Solo Leisure,Economy Class,Jul,3.0,3.0,1.0,Boeing 747-400,3.0,MXP,Heathrow
1.4,"""new club seating, no better than economy""",Solo Leisure,Business Class,Jun,1.0,3.0,1.0,Boeing 767,1.0,Heathrow,BUD
2.8,"""not worth it on every level""",Solo Leisure,Business Class,Jul,1.0,4.0,3.0,A320,2.0,Geneva,Heathrow
1.2,"""standards have dropped dramatically""",Business,Economy Class,Jul,1.0,1.0,1.0,Boeing 747-400,1.0,Heathrow,John F. Kennedy
5.0,"""stop charging people extras""",Solo Leisure,Business Class,Jun,5.0,5.0,5.0,Boeing 777,3.0,Heathrow,Kuala Lumpur
3.0,"""Business class beware""",Business,Business Class,Jul,5.0,5.0,5.0,Boeing 787,5.0,Kuala Lumpur,Heathrow
1.4,"""business configuration is far from personal""",Business,Business Class,Mar,1.0,1.0,1.0,A380,2.0,O.R. Tambo,Heathrow
8.9,"""generous with the amount of food""",Solo Leisure,Economy Class,Aug,4.0,5.0,4.0,A319,5.0,Toronto,Heathrow
1.6,"""lost my business forever""",Business,Premium Economy,Jul,1.0,1.0,1.0,Boeing 787,1.0,Kuala Lumpur,Heathrow
7.5,"""all in all not bad""",Business,Business Class,Jun,1.0,5.0,2.0,A320,1.0,ZRH,Heathrow
7.4,"""perhaps BA are finally listening""",Couple Leisure,First Class,Jun,4.0,5.0,4.0,Boeing 777,4.0,Gatwick,UVF
0.2,"""didn't really pay attention""",Solo Leisure,Economy Class,Jun,3.0,4.0,1.0,A380-800,4.0,London,TXL
3.6,"""let us sit inside for 3 hours""",Business,Economy Class,Jun,4.0,2.0,1.0,Boeing 747,1.0,BWI,Heathrow
8.7,"""well worth the money paid""",Couple Leisure,Economy Class,Apr,4.0,5.0,2.0,Boeing 787,5.0,Manchester,Heathrow
6.5,"""reasonable inflight service""",Couple Leisure,Business Class,Jun,3.0,5.0,3.0,A320,4.0,Gatwick,SVQ
8.7,"""crew were superb and professional""",Couple Leisure,Business Class,Jun,4.0,5.0,3.0,A380,4.0,Heathrow,Vancouver
2.0,"""absolutely terrible service""",Solo Leisure,Economy Class,Jun,3.0,1.0,1.0,A350,1.0,MRS,Heathrow
2.9,"""seats very narrow and close together""",Couple Leisure,Economy Class,Jun,1.0,2.0,2.0,A380,2.0,LAX,Heathrow
3.4,"""could not check our luggage through""",Couple Leisure,First Class,Jun,4.0,5.0,1.0,A380,4.0,O.R. Tambo,Heathrow
3.4,"""British Airways is the worst""",Solo Leisure,Economy Class,Jun,4.0,1.0,2.0,Boeing 777,4.0,Heathrow,Suvarnabhumi
10.0,"""seat was really comfortable""",Couple Leisure,Premium Economy,Jun,5.0,5.0,5.0,Boeing 787,5.0,Heathrow,EWR
7.5,"""overall a pleasant flight""",Couple Leisure,Economy Class,Jun,4.0,4.0,5.0,A319,3.0,Gatwick,OPO
7.8,"""handled a difficult situation professionally""",Family Leisure,Economy Class,Jun,2.0,5.0,4.0,Boeing 787-9,4.0,NCL,Heathrow
1.1,"""passing off economy seats as business""",Couple Leisure,Business Class,Jun,1.0,4.0,1.0,Boeing 767,2.0,Athens,Heathrow
2.5,"""service is simply terrible""",Couple Leisure,Premium Economy,May,2.0,1.0,3.0,Boeing 747-400,1.0,NAS,Heathrow
2.7,"""customer service the worst going""",Family Leisure,Economy Class,Jun,2.0,2.0,3.0,Boeing 777,2.0,AGP,Gatwick
9.8,"""staff friendly but professional""",Solo Leisure,Economy Class,Jun,5.0,5.0,5.0,Boeing 777-200ER,5.0,John F. Kennedy,Gatwick
0.2,"""not an uncommon occurrence""",Family Leisure,First Class,Jun,4.0,4.0,1.0,Boeing 767,2.0,Heathrow,ORD
0.3,"""flight was late and chaotic""",Couple Leisure,Economy Class,May,1.0,1.0,1.0,A320,1.0,Gatwick,FAO
5.0,"""there is no other choice""",Business,Economy Class,Jun,4.0,3.0,3.0,A320,1.0,Heathrow,Edinburgh
2.6,"""did not have a good experience""",Couple Leisure,Economy Class,Jun,1.0,1.0,2.0,Boeing 777-200,4.0,LAS,Heathrow
10.0,"""good selection of food and drinks""",Couple Leisure,Business Class,Apr,5.0,5.0,5.0,A320,5.0,Heathrow,DUB
8.8,"""cabin crew were excellent""",Solo Leisure,Business Class,May,4.0,5.0,5.0,Boeing 777,4.0,Grantley Adams,Gatwick
0.1,"""staff are extremely unhelpful""",Couple Leisure,Economy Class,Jun,1.0,1.0,1.0,Boeing 747,1.0,Heathrow,Miami
4.3,"""really does downgrade the experience""",Solo Leisure,First Class,Jun,5.0,2.0,4.0,Boeing 777-200,1.0,PHL,Heathrow
6.1,"""attention to detail is lacking""",Solo Leisure,Premium Economy,Jun,4.0,3.0,4.0,A380,2.0,Heathrow,Singapore
3.5,"""food was just appalling""",Couple Leisure,Business Class,Jun,4.0,5.0,5.0,Boeing 777-200,1.0,Heathrow,Boston
4.3,"""poorest seating arrangement""",Couple Leisure,Business Class,May,3.0,2.0,5.0,Boeing 777,3.0,Singapore,SYD
9.9,"""crew friendly and efficient""",Couple Leisure,Business Class,Jun,4.0,5.0,5.0,A320,5.0,Gatwick,PFO
7.0,"""service was fine but underwhelming""",Solo Leisure,First Class,Jun,5.0,4.0,1.0,A320,3.0,BCN,Heathrow
7.8,"""excellent cabin crew""",Couple Leisure,Business Class,Jun,3.0,5.0,4.0,Boeing 777,4.0,UVF,Gatwick
2.6,"""further delay was likely""",Couple Leisure,Premium Economy,May,4.0,3.0,1.0,Boeing 777,3.0,Gatwick,UVF
3.0,"""a mediocre service""",Business,Economy Class,Jun,1.0,3.0,4.0,A319,2.0,Heathrow,STR
9.9,"""good fare from their sale""",Solo Leisure,First Class,Jun,5.0,5.0,5.0,A320,4.0,Manchester,Heathrow
5.0,"""slowed down the process""",Couple Leisure,Economy Class,Apr,3.0,3.0,2.0,A320,3.0,Heathrow,OTP
7.4,"""does what you would expect""",Couple Leisure,First Class,Jun,3.0,4.0,1.0,Boeing 747-400,4.0,John F. Kennedy,Heathrow
2.4,"""flight had been over booked""",Couple Leisure,Economy Class,May,2.0,2.0,1.0,A320-200,1.0,Gatwick,Edinburgh
5.0,"""have let their standards slip""",Family Leisure,Economy Class,May,2.0,2.0,2.0,Boeing 747-400,2.0,Heathrow,Miami
4.5,"""little advantage using BA on this route""",Couple Leisure,Business Class,May,4.0,3.0,3.0,A380-800,3.0,Gatwick,LIM
8.1,"""attendants were very polite""",Solo Leisure,Economy Class,May,5.0,5.0,5.0,Boeing 747,1.0,John F. Kennedy,Heathrow
3.4,"""not better service than EasyJet""",Solo Leisure,Economy Class,May,3.0,4.0,1.0,Boeing 777-200ER,1.0,Geneva,Heathrow
4.4,"""very disappointing experience""",Couple Leisure,Economy Class,May,4.0,2.0,3.0,A321,1.0,Dubai,Heathrow
8.2,"""BA falls down on presentation""",Solo Leisure,Economy Class,May,3.0,4.0,4.0,Boeing 747-400,4.0,Heathrow,Dubai
7.7,"""seat was very comfortable""",Solo Leisure,Premium Economy,May,5.0,4.0,3.0,A380,4.0,Heathrow,San Francisco
4.1,"""overall a negative experience""",Couple Leisure,Economy Class,May,3.0,5.0,1.0,Boeing 777-200,4.0,Gatwick,PUJ
8.6,"""a thoroughly pleasant flight""",Couple Leisure,Economy Class,May,4.0,4.0,4.0,Boeing 777,4.0,Gatwick,BDA
9.7,"""nice crew and good food""",Solo Leisure,Business Class,Mar,5.0,5.0,5.0,Boeing 787,5.0,Heathrow,Toronto
2.6,"""wish I'd never upgraded""",Business,Business Class,May,3.0,3.0,1.0,A380,2.0,WAW,Heathrow
0.1,"""no systems in place to cope""",Couple Leisure,Economy Class,May,4.0,5.0,1.0,A380,3.0,MXP,Heathrow
7.4,"""just about adequate""",Solo Leisure,Economy Class,May,3.0,4.0,3.0,Boeing 777-300,4.0,Suvarnabhumi,Heathrow
7.5,"""one of my favourite airlines""",Family Leisure,Business Class,May,4.0,5.0,2.0,A320,4.0,Heathrow,CDG
3.0,"""exception is British Airways""",Business,Business Class,May,4.0,3.0,4.0,A380,3.0,San Francisco,Heathrow
10.0,"""unexpectedly served breakfast""",Solo Leisure,Economy Class,May,5.0,5.0,5.0,Saab 2000,5.0,London,IOM
7.4,"""crew professional and friendly""",Couple Leisure,Economy Class,May,4.0,4.0,4.0,A321,4.0,Amsterdam,Heathrow
0.3,"""rude and obnoxious""",Couple Leisure,Economy Class,May,1.0,1.0,1.0,Boeing 787-9,2.0,Gatwick,UVF
10.0,"""treated incredibly well""",Couple Leisure,Economy Class,May,5.0,5.0,4.0,Boeing 747,5.0,Heathrow,Miami
5.8,"""service in a very discreet way""",Couple Leisure,Economy Class,May,4.0,4.0,5.0,Boeing 747-400,3.0,John F. Kennedy,Heathrow
5.3,"""let down by inferior product""",Couple Leisure,Business Class,May,4.0,4.0,4.0,Boeing 747-400,3.0,Heathrow,John F. Kennedy
7.2,"""boarding worked well""",Couple Leisure,Economy Class,Apr,4.0,4.0,4.0,A320,3.0,Gatwick,DBV
4.0,"""no different than a budget airline""",Couple Leisure,Economy Class,May,2.0,4.0,3.0,A320,3.0,Heathrow,WAW
6.7,"""Club World configuration is odd """,Couple Leisure,Business Class,May,4.0,4.0,4.0,Boeing 777,4.0,Grantley Adams,Gatwick
8.6,"""cabin crew were faultless""",Couple Leisure,Business Class,May,4.0,5.0,4.0,Boeing 777,4.0,Gatwick,Grantley Adams
6.0,"""food is minimal""",Solo Leisure,Economy Class,May,2.0,2.0,3.0,A320,2.0,MXP,Heathrow
2.0,"""erosion of quality and services""",Couple Leisure,Business Class,May,1.0,3.0,3.0,A320,1.0,Heathrow,BCN
2.0,"""journey was very cramped""",Solo Leisure,Economy Class,May,2.0,1.0,3.0,A350,1.0,Gatwick,CTA
7.4,"""I would fly BA again""",Family Leisure,Economy Class,May,4.0,3.0,5.0,Boeing 777,4.0,Gatwick,MCO
3.4,"""probably the worst food experienced""",Family Leisure,Premium Economy,May,3.0,4.0,4.0,Boeing 777-200,1.0,Suvarnabhumi,Heathrow
8.4,"""cabin crew friendly""",Solo Leisure,Economy Class,May,4.0,5.0,4.0,Boeing 777,4.0,PVG,Heathrow
1.4,"""Total rip off BA""",Couple Leisure,Business Class,May,1.0,4.0,1.0,A320,3.0,Gatwick,FNC
7.4,"""not a bad flight""",Solo Leisure,Premium Economy,May,4.0,4.0,4.0,Boeing 747-400,3.0,Heathrow,DEN
4.3,"""going downhill BA""",Solo Leisure,Premium Economy,May,2.0,3.0,3.0,A319,1.0,Heathrow,BSL
1.6,"""journey was chaotic and stressful""",Couple Leisure,Economy Class,May,3.0,2.0,2.0,A320-200,1.0,LYS,Heathrow
4.1,"""operated by American Airlines""",Solo Leisure,Economy Class,May,2.0,2.0,4.0,A320,2.0,PSA,Heathrow
3.6,"""not very accommodating""",Solo Leisure,Premium Economy,May,2.0,5.0,2.0,Boeing 747-400,4.0,NAS,Heathrow
6.1,"""seats badly need up-dating""",Business,Business Class,May,1.0,4.0,4.0,Boeing 787,3.0,Heathrow,Seoul
0.9,"""economy seats sold as business""",Couple Leisure,Business Class,May,1.0,3.0,1.0,A320,3.0,Heathrow,JTR
2.1,"""I will no longer fly with BA""",Couple Leisure,Economy Class,Dec,2.0,3.0,2.0,Boeing 747,1.0,TXL,Heathrow
1.3,"""unimpressed with British Airways""",Solo Leisure,Economy Class,May,3.0,2.0,1.0,A321 Neo,3.0,DUB,Heathrow
2.0,"""Avianca not part of oneworld""",Solo Leisure,Economy Class,Apr,4.0,3.0,1.0,Boeing 787-9,3.0,CDG,Heathrow
2.5,"""cabin crew service was lacklustre""",Solo Leisure,Economy Class,May,1.0,1.0,3.0,Boeing 787,1.0,Kuala Lumpur,Heathrow
9.2,"""avoid business long haul""",Couple Leisure,Business Class,May,3.0,3.0,2.0,Boeing 787-8,3.0,Heathrow,NCE
9.9,"""reminded me of the old BA""",Couple Leisure,First Class,Mar,3.0,4.0,5.0,Boeing 777-200,5.0,Toronto,Heathrow
3.5,"""BA has gone downhill""",Solo Leisure,Economy Class,Apr,2.0,4.0,4.0,Boeing 787,1.0,ACC,Heathrow
4.7,"""delay outbound and back""",Couple Leisure,Economy Class,Apr,3.0,2.0,2.0,Boeing 747-400,3.0,Heathrow,Miami
3.9,"""business class is a joke""",Business,Business Class,Apr,1.0,2.0,1.0,A319,1.0,OSL,Heathrow
6.7,"""better than I've had for a while""",Business,Business Class,Apr,4.0,4.0,4.0,A319,5.0,Gatwick,IBZ
8.1,"""a big improvement""",Family Leisure,Business Class,Apr,4.0,5.0,5.0,Boeing 777-300 ER,3.0,ORD,Heathrow
7.6,"""good job in economy""",Business,Economy Class,Apr,3.0,3.0,3.0,Boeing 747-400,3.0,Dubai,Heathrow
7.5,"""very pleasantly surprised""",Solo Leisure,Economy Class,Apr,3.0,4.0,4.0,Boeing 777-200,4.0,Heathrow,San Francisco
9.3,"""flight was excellent""",Family Leisure,Business Class,Apr,5.0,5.0,4.0,Boeing 747-400,5.0,ORD,Heathrow
5.0,"""I have not been impressed""",Family Leisure,Economy Class,Apr,4.0,3.0,1.0,A380-800,2.0,FCO,Heathrow
1.0,"""was the worst flight""",Solo Leisure,Economy Class,Apr,3.0,4.0,1.0,Boeing 777-200ER,1.0,Edinburgh,Heathrow
1.8,"""days of glory are long gone""",Family Leisure,Economy Class,Apr,1.0,2.0,2.0,Boeing 747,1.0,Manchester,Heathrow
0.7,"""cares nothing for its passengers""",Business,Business Class,Apr,4.0,4.0,1.0,Boeing 787,2.0,Heathrow,PHL
6.8,"""change in attitude from staff""",Couple Leisure,Premium Economy,Mar,5.0,4.0,5.0,Boeing 787,5.0,Heathrow,YYC
9.5,"""style and attention to detail""",Couple Leisure,First Class,Apr,4.0,5.0,5.0,Boeing 747,5.0,Heathrow,Toronto
3.2,"""most exhausting trip""",Business,Economy Class,Apr,1.0,2.0,3.0,A380,1.0,Amsterdam,Heathrow
10.0,"""experience was fantastic""",Solo Leisure,First Class,Mar,5.0,5.0,5.0,A380,5.0,Heathrow,Hong Kong
10.0,"""FAs were brilliant""",Couple Leisure,Business Class,Apr,4.0,5.0,4.0,Boeing 747-400,5.0,Heathrow,GRU
3.9,"""very quick and efficient""",Business,Economy Class,Apr,3.0,2.0,2.0,Boeing 777,2.0,Heathrow,NBO
5.6,"""food was average""",Business,Premium Economy,Apr,3.0,2.0,3.0,Boeing 777,2.0,NBO,Heathrow
1.6,"""a very uncomfortable flight""",Couple Leisure,Economy Class,Apr,1.0,3.0,3.0,Boeing 787,1.0,Vancouver,Heathrow
3.9,"""would avoid again""",Business,First Class,Apr,5.0,2.0,1.0,Boeing 777-200,2.0,DOH,BAH
2.1,"""better alternatives out there""",Business,Business Class,Feb,3.0,4.0,2.0,A380,2.0,Heathrow,O.R. Tambo
1.9,"""deeply distressing flight """,Solo Leisure,Economy Class,Apr,2.0,3.0,1.0,A380,1.0,Heathrow,O.R. Tambo
2.0,"""customer service non existent""",Family Leisure,Economy Class,Apr,1.0,3.0,2.0,A320,1.0,Manchester,Heathrow
2.8,"""worse than Ryanair or EasyJet""",Couple Leisure,Economy Class,Jan,1.0,1.0,1.0,Boeing 777-300,2.0,GIB,Heathrow
9.1,"""very pleased with the experience""",Couple Leisure,Economy Class,Apr,3.0,5.0,5.0,Boeing 747,5.0,Heathrow,John F. Kennedy
7.7,"""journeys were uneventful""",Solo Leisure,Business Class,Apr,4.0,5.0,4.0,Boeing 777,4.0,Heathrow,IAH
7.9,"""the service is good""",Solo Leisure,Business Class,Feb,4.0,4.0,3.0,Boeing 777,4.0,Heathrow,PEK
7.9,"""food was above average""",Solo Leisure,Economy Class,Apr,2.0,5.0,5.0,Boeing 747,5.0,Vancouver,Heathrow
7.7,"""happy that it was on time""",Solo Leisure,Economy Class,Mar,3.0,4.0,3.0,A321,3.0,Heathrow,CDG
7.4,"""the flight was satisfactory""",Solo Leisure,Premium Economy,Mar,4.0,4.0,3.0,A380,3.0,Hong Kong,Heathrow
9.2,"""service and food were very good""",Couple Leisure,Business Class,Mar,5.0,5.0,5.0,A380-800,5.0,San Francisco,Heathrow
7.8,"""treat myself to premium economy""",Solo Leisure,Premium Economy,May,5.0,5.0,4.0,Boeing 747-400,4.0,PEK,Heathrow
8.6,"""A380 for the first time""",Couple Leisure,Premium Economy,Mar,5.0,5.0,4.0,A380,4.0,Heathrow,LAX
7.7,"""better than easyjet or Ryanair""",Family Leisure,Economy Class,Apr,4.0,4.0,3.0,A320,4.0,Heathrow,Athens
3.2,"""made me check in the trolley """,Business,Business Class,Apr,4.0,4.0,1.0,Boeing 747,3.0,RUH,Heathrow
5.8,"""used to be better than this""",Solo Leisure,Business Class,Apr,1.0,3.0,2.0,A320,1.0,Amsterdam,Gatwick
5.2,"""pre-allocated me a middle seat""",Solo Leisure,Economy Class,Apr,3.0,1.0,1.0,A319,1.0,Gatwick,Amsterdam
2.9,"""not what you call a happy customer""",Solo Leisure,Economy Class,Apr,3.0,4.0,3.0,Boeing 787-8,4.0,MRS,Heathrow
7.2,"""hit and miss at times""",Family Leisure,Business Class,Apr,3.0,4.0,2.0,Boeing 767-300,5.0,Heathrow,LCA
9.2,"""BA got us all home""",Couple Leisure,Economy Class,Apr,4.0,5.0,4.0,SAAB 2000,5.0,London,IOM
4.5,"""not up to BA standards""",Solo Leisure,Economy Class,Apr,3.0,1.0,5.0,Boeing 737,1.0,CPH,Heathrow
7.5,"""felt a bit like catching a bus""",Business,Economy Class,Mar,4.0,5.0,4.0,E170,4.0,London,RTM
9.9,"""seat selection costs extra""",Couple Leisure,Business Class,Mar,5.0,5.0,5.0,Boeing 787,5.0,Toronto,Heathrow
9.4,"""absolutely no complaints""",Couple Leisure,Business Class,Mar,5.0,5.0,5.0,Boeing 777,5.0,TLV,Heathrow
5.8,"""same seat as economy class""",Couple Leisure,Business Class,Mar,3.0,5.0,3.0,A319,3.0,Gatwick,FCO
7.1,"""absurd cost-cutting measure""",Business,Business Class,Mar,3.0,4.0,4.0,A380,3.0,IAD,Heathrow
3.4,"""aircraft was very old and dated""",Solo Leisure,Economy Class,Mar,3.0,2.0,4.0,Boeing 747-400,1.0,Miami,Heathrow
2.1,"""approaching a national tragedy""",Couple Leisure,Business Class,Mar,1.0,4.0,3.0,A321,3.0,Heathrow,PSA
3.6,"""worst flight for some time""",Couple Leisure,Premium Economy,Mar,2.0,1.0,2.0,Boeing 777,1.0,UVF,Gatwick
7.8,"""less comfortable than older style""",Family Leisure,Economy Class,Mar,3.0,5.0,2.0,A320,3.0,SVQ,Gatwick
7.7,"""will fly again with BA""",Family Leisure,Economy Class,Mar,4.0,4.0,4.0,Boeing 777-300,3.0,OSL,Heathrow
7.7,"""better than most shorthaul""",Family Leisure,Economy Class,Mar,3.0,4.0,4.0,A319,3.0,Gatwick,SVQ
8.9,"""seat let down very good flight""",Solo Leisure,Economy Class,Mar,3.0,4.0,4.0,Boeing 787,4.0,BCN,Heathrow
2.5,"""same leg room as in Economy""",Couple Leisure,Business Class,Mar,1.0,3.0,4.0,Boeing 767,3.0,IST,Heathrow
8.0,"""friendly and efficient service""",Couple Leisure,Economy Class,Mar,3.0,5.0,4.0,Boeing 777-200,4.0,Heathrow,IAH
0.9,"""BA.com been truly appalling""",Couple Leisure,First Class,Mar,3.0,4.0,4.0,Boeing 747-400,3.0,Heathrow,DEN
8.0,"""overall experience was pleasant""",Solo Leisure,Economy Class,Mar,3.0,4.0,4.0,Boeing 747-400,4.0,SEA,Heathrow
6.2,"""food served has declined""",Solo Leisure,Economy Class,Mar,2.0,5.0,4.0,Boeing 787,1.0,AUH,Heathrow
6.0,"""the most uncomfortable flight""",Solo Leisure,Business Class,Mar,2.0,2.0,3.0,A320,2.0,Gatwick,Amsterdam
10.0,"""terrific in-flight service""",Solo Leisure,First Class,Mar,5.0,5.0,5.0,Boeing 747-400,5.0,ORD,Heathrow
10.0,"""a drinks and meal service""",Solo Leisure,Business Class,Mar,5.0,5.0,5.0,A320,5.0,Heathrow,Amsterdam
2.5,"""degraded its economy product""",Couple Leisure,Economy Class,Mar,1.0,5.0,3.0,Boeing 777,1.0,PHL,Heathrow
5.9,"""prefer the 767 on this route""",Business,Economy Class,Mar,4.0,4.0,4.0,A320,2.0,Heathrow,Edinburgh
3.3,"""degraded its economy product""",Couple Leisure,Economy Class,Mar,1.0,5.0,3.0,Boeing 777,1.0,PHL,Heathrow
1.0,"""seat was truly dreadful""",Solo Leisure,Premium Economy,Jan,1.0,2.0,2.0,Boeing 777-300,1.0,Singapore,Heathrow
9.5,"""in my case worth the money""",Couple Leisure,Premium Economy,Mar,3.0,5.0,5.0,Boeing 777,4.0,Heathrow,NBO
7.0,"""seats feel very cramped""",Solo Leisure,Economy Class,Jan,2.0,4.0,4.0,A320,4.0,Athens,Heathrow
8.9,"""staff are very professional""",Solo Leisure,Business Class,Feb,4.0,5.0,5.0,A321,5.0,Heathrow,PRG
10.0,"""lunch was one of the best""",Solo Leisure,Business Class,Feb,4.0,5.0,4.0,A320,5.0,TRN,Gatwick
1.6,"""turf you into cattle class""",Couple Leisure,Economy Class,Mar,1.0,1.0,2.0,Boeing 747-400,1.0,AUS,Heathrow
9.9,"""staff energetic and motivated""",Couple Leisure,Economy Class,Mar,5.0,5.0,5.0,A320,5.0,HEL,Heathrow
5.1,"""crew polite but not friendly""",Couple Leisure,Premium Economy,Mar,2.0,3.0,4.0,Boeing 777,3.0,PUJ,Gatwick
0.5,"""seats are very uncomfortable""",Business,Economy Class,Mar,1.0,2.0,5.0,A321,1.0,Heathrow,SVO
7.3,"""rather typical BA attitude""",Solo Leisure,Economy Class,Mar,4.0,3.0,3.0,A320,3.0,Heathrow,ZRH
8.2,"""friendly and attentive crew""",Solo Leisure,Business Class,Feb,4.0,4.0,4.0,A321,3.0,ZRH,Heathrow
3.6,"""not overly happy with experience""",Couple Leisure,Premium Economy,Nov,1.0,4.0,4.0,A380,3.0,Miami,Heathrow
1.1,"""what a mistake""",Business,Premium Economy,Mar,3.0,3.0,1.0,Boeing 777,3.0,Hong Kong,Heathrow
9.8,"""polite and professional""",Solo Leisure,Economy Class,Mar,5.0,5.0,5.0,A319,3.0,Heathrow,Edinburgh
8.1,"""Premium Economy recommended""",Couple Leisure,Premium Economy,Sep,5.0,4.0,4.0,A380,5.0,Edinburgh,Heathrow
6.0,"""IFE about 10 years out of date""",Couple Leisure,Economy Class,Mar,1.0,2.0,4.0,A380-800,4.0,Gatwick,PUJ
8.8,"""cabin was comfortable""",Couple Leisure,First Class,Mar,5.0,4.0,3.0,Boeing 777,3.0,Heathrow,Singapore
1.7,"""lounge closed for some time""",Business,Business Class,Feb,2.0,4.0,1.0,A380-800,4.0,Gatwick,RAK
7.0,"""not sure I'd pay for Premium Economy""",Couple Leisure,Premium Economy,Feb,4.0,4.0,4.0,Boeing 777,3.0,Heathrow,GIG
1.7,"""end-to-end experience poor""",Business,First Class,Feb,1.0,1.0,1.0,Boeing 747-400,1.0,Heathrow,ORD
9.6,"""product can be so variable""",Solo Leisure,Economy Class,Mar,4.0,5.0,5.0,Boeing 767,4.0,Heathrow,Athens
7.4,"""a good experience flying BA""",Business,Economy Class,Feb,4.0,4.0,3.0,Boeing 747-400,4.0,CPH,Heathrow
8.5,"""seat space same as economy""",Solo Leisure,Business Class,Feb,2.0,5.0,5.0,A320,5.0,Heathrow,MUC
4.0,"""you're flying cattle class""",Solo Leisure,Economy Class,Sep,1.0,2.0,3.0,A320,2.0,ARN,Heathrow
2.8,"""food offered was pretty basic""",Business,Business Class,Mar,3.0,4.0,4.0,A320,2.0,Heathrow,HEL
7.3,"""excessive hand baggage""",Couple Leisure,Economy Class,Feb,4.0,5.0,4.0,Boeing 777-200,4.0,Edinburgh,Heathrow
9.6,"""Friendly staff""",Solo Leisure,Economy Class,Mar,4.0,5.0,4.0,A320,5.0,VCE,Gatwick
9.7,"""seat was comfortable""",Business,Business Class,Feb,5.0,5.0,4.0,Boeing 787,4.0,Heathrow,MAA
8.1,"""decided to upgrade""",Solo Leisure,Business Class,Mar,4.0,5.0,5.0,Boeing 777-200,4.0,John F. Kennedy,Heathrow
7.9,"""seat pitch only 31 inches""",Solo Leisure,Economy Class,Feb,4.0,4.0,4.0,Boeing 777-300 ER,3.0,Heathrow,John F. Kennedy
4.3,"""on board service okay""",Business,Economy Class,Mar,4.0,4.0,4.0,A320,3.0,LHR - EDI,Heathrow
3.1,"""seats were uncomfortable""",Solo Leisure,Economy Class,Mar,2.0,5.0,3.0,Boeing 777,2.0,John F. Kennedy,Heathrow
7.3,"""cabin looks a bit shabby""",Couple Leisure,Economy Class,Feb,3.0,5.0,4.0,Boeing 747-400,4.0,ACC,Heathrow
9.3,"""do what they say they will do""",Solo Leisure,Economy Class,Feb,5.0,5.0,4.0,A320,3.0,OUL,HEL
1.4,"""they have lost my business""",Business,Business Class,Feb,1.0,2.0,3.0,A319,1.0,Heathrow,Amsterdam
2.9,"""shocking lack of legroom""",Solo Leisure,Business Class,Feb,1.0,4.0,4.0,A320,1.0,OTP,Heathrow
6.2,"""flight was amazing""",Business,Economy Class,Feb,5.0,5.0,1.0,A380,3.0,IAD,Heathrow
1.7,"""no entertainment""",Couple Leisure,Premium Economy,Feb,3.0,2.0,4.0,Boeing 747,2.0,Heathrow,Cape Town
2.2,"""BA has become so complacent""",Couple Leisure,First Class,Jan,1.0,1.0,1.0,Boeing 777,3.0,Manchester,Heathrow
7.3,"""Service top notch """,Couple Leisure,Business Class,Feb,4.0,5.0,5.0,Boeing 777,3.0,LAX,Heathrow
9.2,"""staff friendly and efficient""",Couple Leisure,Economy Class,Jan,4.0,5.0,2.0,Boeing 777,3.0,Gatwick,PUJ
3.0,"""dingy and tired looking""",Solo Leisure,Premium Economy,Feb,4.0,1.0,3.0,Boeing 777,3.0,Gatwick,CUN
1.8,"""like sleeping on a park bench""",Couple Leisure,First Class,Feb,1.0,4.0,4.0,Boeing 787-9,3.0,Kuala Lumpur,Heathrow
8.8,"""paid extra for exit row seats""",Couple Leisure,Economy Class,Feb,5.0,5.0,5.0,Boeing 767,5.0,Heathrow,Athens
1.1,"""flight just about adequate""",Family Leisure,Economy Class,Feb,1.0,1.0,2.0,Boeing 747,1.0,Heathrow,Vancouver
2.0,"""unlikely I will fly BA again""",Business,Business Class,Feb,3.0,3.0,2.0,Boeing 787,2.0,SEA,Heathrow
6.0,"""crew were welcoming""",Couple Leisure,Business Class,Feb,2.0,5.0,2.0,A320,4.0,Gatwick,NAP
7.8,"""service was satisfactory""",Solo Leisure,Economy Class,Feb,5.0,3.0,3.0,A319,3.0,Heathrow,DUB
2.5,"""no storage around the seat""",Solo Leisure,Business Class,Feb,2.0,2.0,4.0,Boeing 777,2.0,Toronto,Heathrow
5.3,"""adequate leg room""",Couple Leisure,Economy Class,Feb,3.0,4.0,4.0,A320,2.0,Gatwick,RAK
0.1,"""not responsible for luggage""",Family Leisure,Economy Class,Jan,3.0,3.0,1.0,Boeing 747,1.0,Vancouver,Heathrow
7.6,"""efficient check in""",Solo Leisure,Business Class,Jan,5.0,5.0,2.0,A320,4.0,Gatwick,Geneva
9.8,"""food was outstanding""",Couple Leisure,First Class,Dec,5.0,5.0,4.0,A380,5.0,Heathrow,MIa
6.8,"""seating configuration is odd""",Family Leisure,Business Class,Feb,4.0,5.0,3.0,Boeing 747-400,5.0,Edinburgh,Heathrow
2.7,"""being second rate""",Family Leisure,Business Class,Feb,3.0,3.0,2.0,Boeing 777,3.0,Heathrow,Dubai
8.1,"""clean new leather seats""",Solo Leisure,Economy Class,Dec,4.0,4.0,3.0,A320,4.0,MXP,Heathrow
8.0,"""crew were upbeat and attentive""",Solo Leisure,Economy Class,Jan,3.0,5.0,4.0,A320,4.0,BCN,Heathrow
8.6,"""definitely fly them again""",Business,Business Class,Feb,4.0,5.0,4.0,Boeing 747-400,4.0,Heathrow,BOM
8.6,"""good food and drink""",Solo Leisure,First Class,Nov,5.0,5.0,4.0,Boeing 777,5.0,ATL,Heathrow
7.9,"""cost-cutting being evident""",Business,Business Class,Dec,4.0,4.0,3.0,Boeing 777-200,4.0,DOH,BAH
1.2,"""incompetent staff at check in""",Family Leisure,Economy Class,Feb,3.0,3.0,1.0,A321,2.0,ZRH,London
4.6,"""in need of urgent update""",Business,Business Class,Jan,3.0,4.0,4.0,Boeing 747-400,2.0,Heathrow,GRU
8.7,"""good hand baggage only deal""",Solo Leisure,Economy Class,Feb,4.0,4.0,1.0,A320,5.0,KBP,Heathrow
3.4,"""first and last time""",Family Leisure,Economy Class,Feb,2.0,1.0,3.0,Boeing 747-400,2.0,Vancouver,Heathrow
9.1,"""very nice welcome""",Couple Leisure,Economy Class,Jan,4.0,5.0,5.0,A320,5.0,Glasgow,Heathrow
8.5,"""service was excellent""",Solo Leisure,Economy Class,Jan,4.0,5.0,5.0,A380,4.0,O.R. Tambo,Heathrow
5.6,"""not a first class experience""",Couple Leisure,First Class,Feb,3.0,4.0,3.0,Boeing 777-200,3.0,GIG,Heathrow
7.8,"""not overwhelming First Class""",Couple Leisure,First Class,Jan,3.0,4.0,3.0,A380,4.0,Heathrow,Singapore
6.7,"""crew were fine but nothing special""",Couple Leisure,Economy Class,Jan,3.0,3.0,4.0,A320,4.0,WAW,Heathrow
10.0,British Airways customer review,Business,First Class,Jan,5.0,5.0,4.0,Boeing 777,5.0,Heathrow,EWR
6.6,"""very little seat privacy""",Solo Leisure,Business Class,Oct,3.0,5.0,5.0,A318,1.0,London,John F. Kennedy
0.5,"""staff were loud and abrupt""",Solo Leisure,Economy Class,Jan,2.0,2.0,1.0,Boeing 777-200,1.0,Heathrow,Boston
2.7,"""another dreadful experience""",Solo Leisure,Economy Class,Dec,2.0,2.0,1.0,Boeing 787,2.0,Vancouver,Heathrow
3.7,"""extremely moody check in""",Couple Leisure,Economy Class,Jan,4.0,4.0,1.0,Boeing 777-300,4.0,Edinburgh,Gatwick
6.4,"""an excellent service""",Couple Leisure,Business Class,Jan,4.0,5.0,4.0,Boeing 777,4.0,Heathrow,GIG
0.9,"""last time with BA ever""",Couple Leisure,Business Class,Jan,1.0,1.0,1.0,Boeing 777,1.0,Gatwick,MLE
7.2,"""great at helping us""",Family Leisure,Economy Class,Jan,4.0,5.0,4.0,A321,4.0,Glasgow,Heathrow
3.8,"""think twice about booking""",Couple Leisure,Economy Class,Jan,3.0,3.0,5.0,Boeing 747-400,2.0,Heathrow,Cape Town
3.1,"""zero customer service skills""",Couple Leisure,Business Class,Jan,3.0,2.0,1.0,A380,2.0,O.R. Tambo,Heathrow
10.0,"""very pleasant flights""",Couple Leisure,Economy Class,Dec,4.0,5.0,4.0,Boeing 747-400,5.0,Glasgow,Heathrow
10.0,"""best sets of flights""",Solo Leisure,Premium Economy,Dec,5.0,5.0,5.0,Boeing 747-400,5.0,KWI,Heathrow
6.1,"""extra fare not justified""",Solo Leisure,Premium Economy,Jan,3.0,3.0,4.0,Boeing 747-400,1.0,Vancouver,Heathrow
5.1,"""nice cabin attendants""",Solo Leisure,Economy Class,Oct,5.0,5.0,2.0,Embraer 190,4.0,FRA,London
7.1,"""check in was efficient""",Solo Leisure,Economy Class,Sep,4.0,4.0,3.0,A320,3.0,Gatwick,SZG
1.6,"""the lack of service""",Family Leisure,Premium Economy,Jan,2.0,1.0,1.0,A380,1.0,Miami,Heathrow
4.4,"""won't be using BA again""",Couple Leisure,Economy Class,Dec,2.0,2.0,3.0,Boeing 777,1.0,Suvarnabhumi,Heathrow
7.7,"""good value for money""",Solo Leisure,Economy Class,Sep,4.0,5.0,4.0,A380,3.0,Hong Kong,Heathrow
2.6,"""needs to up its game""",Business,Economy Class,Jan,1.0,5.0,5.0,Boeing 777,3.0,LBA,Heathrow
7.7,"""old but comfortable Boeing 767""",Solo Leisure,Economy Class,Jan,4.0,4.0,5.0,Boeing 767,4.0,Amsterdam,Heathrow
4.1,"""champagne almost as warm as cup of tea""",Solo Leisure,First Class,Dec,5.0,4.0,3.0,Boeing 777-300 ER,2.0,Hong Kong,Heathrow
7.5,"""time to upgrade the cabin""",Solo Leisure,Business Class,Feb,4.0,3.0,4.0,Boeing 747,4.0,Cape Town,Heathrow
1.4,"""they really do not care""",Family Leisure,Economy Class,Jan,4.0,3.0,1.0,Boeing 747-400,2.0,MCO,Miami
8.3,"""would fly them again""",Solo Leisure,Economy Class,Jan,4.0,5.0,4.0,A380,5.0,Heathrow,San Francisco
1.6,"""where have standards gone?""",Business,Economy Class,Dec,2.0,1.0,3.0,Boeing 787,1.0,CPH,Heathrow
2.4,"""not sure I'd fly British Airways """,Couple Leisure,Economy Class,Sep,2.0,1.0,3.0,Boeing 777-300,1.0,Heathrow,LAS
7.2,"""really slipping down""",Couple Leisure,Business Class,Jan,2.0,3.0,3.0,Boeing 777,2.0,Suvarnabhumi,Heathrow
7.4,"""seats generally okay""",Solo Leisure,Economy Class,Jan,3.0,4.0,3.0,Boeing 777-300,4.0,Heathrow,JED
1.6,"""standards are slipping""",Couple Leisure,Business Class,Dec,1.0,2.0,2.0,A320,1.0,FNC,Gatwick
2.6,"""abyssal customer service""",Business,Business Class,Oct,3.0,1.0,1.0,Boeing 787-9,1.0,Heathrow,John F. Kennedy
5.3,"""it's disappointing""",Family Leisure,Premium Economy,Dec,3.0,3.0,3.0,Boeing 777-200,3.0,iAH,Heathrow
8.1,"""service was good""",Family Leisure,Economy Class,Dec,4.0,4.0,3.0,A320,4.0,OTP,Heathrow
6.6,"""questioning my loyalty """,Couple Leisure,Business Class,Dec,2.0,2.0,4.0,Boeing 777-200,2.0,Toronto,Heathrow
8.6,"""better than Club World""",Couple Leisure,First Class,Jan,4.0,5.0,4.0,Boeing 747,4.0,Heathrow,MEX
0.4,"""they are old planes""",Family Leisure,First Class,Dec,1.0,2.0,2.0,A350,3.0,LAS,Heathrow
6.9,"""seat was comfortable""",Couple Leisure,Premium Economy,Jan,3.0,3.0,5.0,Boeing 777,4.0,MUC,Heathrow
0.1,"""BA should have done more""",Couple Leisure,Economy Class,Dec,4.0,2.0,1.0,A320,1.0,Heathrow,PSA
2.2,"""another shabby experience""",Couple Leisure,Economy Class,Jan,3.0,3.0,2.0,Boeing 767,2.0,Heathrow,Glasgow
8.0,"""seats quite comfortable""",Couple Leisure,Economy Class,Jan,4.0,4.0,4.0,A320,4.0,MLA,Gatwick
2.2,"""service was terrible""",Couple Leisure,Economy Class,Dec,3.0,5.0,3.0,A380,4.0,O.R. Tambo,Heathrow
7.8,"""food was pretty good""",Solo Leisure,Economy Class,Nov,3.0,4.0,4.0,A320,4.0,TLV,Heathrow
8.3,"""staff was very helpful""",Family Leisure,Economy Class,Jan,5.0,5.0,5.0,Boeing 787,4.0,NCE,Heathrow
2.5,"""most unpleasant experience""",Solo Leisure,Economy Class,Jan,1.0,1.0,2.0,Boeing 777,1.0,Suvarnabhumi,Heathrow
1.7,"""gave their friends first class champagne""",Couple Leisure,Premium Economy,Dec,1.0,1.0,1.0,Boeing 777-300,1.0,Gatwick,PUJ
2.6,"""a very poor experience""",Family Leisure,Economy Class,Dec,1.0,4.0,3.0,Boeing 777-200ER,1.0,Heathrow,O.R. Tambo
5.5,"""experience was adequate""",Solo Leisure,Economy Class,Jun,3.0,3.0,4.0,Boeing 747,3.0,YVR-LIS,Heathrow
8.8,"""was a good flight""",Family Leisure,Business Class,Dec,4.0,4.0,5.0,Boeing 777,4.0,Heathrow,DEL
8.6,"""professional attentive cabin crew""",Business,Business Class,Nov,4.0,5.0,5.0,B767,5.0,MAD,Heathrow
1.1,"""the worst business class""",Couple Leisure,Business Class,Dec,2.0,3.0,1.0,Boeing 777,1.0,CPH,Heathrow
4.6,"""only book BA if lowest fare""",Solo Leisure,Economy Class,Nov,3.0,3.0,4.0,A320,3.0,VIE,Heathrow
7.6,"""cost no more than Ryanair""",Solo Leisure,Economy Class,Dec,3.0,3.0,4.0,A320,3.0,Heathrow,BCN
3.6,"""sad to see the same old planes """,Solo Leisure,Economy Class,Dec,2.0,3.0,4.0,A319,1.0,Heathrow,NCL
9.8,"""clean and efficient""",Solo Leisure,Economy Class,Dec,4.0,5.0,4.0,Boeing 777,5.0,JED,Heathrow
2.3,"""service onboard was dreadful""",Couple Leisure,Economy Class,Dec,3.0,1.0,3.0,A320,3.0,LIS,Heathrow
0.6,"""entirely unsympathetic""",Business,Economy Class,Dec,4.0,4.0,1.0,A380-800,3.0,New York,London
5.6,"""Air Canada next time""",Solo Leisure,Business Class,Dec,4.0,4.0,3.0,Boeing 747-400,3.0,Heathrow,Vancouver
3.2,"""last time I will fly British Airways""",Couple Leisure,Premium Economy,Oct,4.0,2.0,3.0,Boeing 777-300,1.0,Gatwick,Las Vegas
2.0,"""I was disappointed""",Family Leisure,Premium Economy,Dec,1.0,3.0,2.0,Boeing 777-300,3.0,Cape Town,Heathrow
2.4,"""I am left disappointed""",Business,Economy Class,Dec,2.0,4.0,1.0,Boeing 747-400,3.0,London,Vancouver
0.9,"""tired and jaded aircraft""",Family Leisure,Economy Class,Dec,1.0,1.0,3.0,Boeing 747-400,2.0,Heathrow,BOM
9.1,"""upped their game with food""",Couple Leisure,Business Class,Dec,5.0,5.0,4.0,Boeing 777-200,5.0,Gatwick,MCO
8.0,"""excellent flights""",Couple Leisure,Economy Class,Dec,4.0,5.0,5.0,Boeing 787-8,4.0,Glasgow,Heathrow
0.3,"""tired, overpriced airline""",Couple Leisure,Economy Class,Sep,1.0,4.0,2.0,Boeing 787,3.0,Heathrow,Suvarnabhumi
4.1,"""we are disappointed""",Couple Leisure,First Class,Dec,4.0,2.0,1.0,Boeing 777-300 ER,2.0,PHX,Heathrow
10.0,"""satisfactory and recommended""",Family Leisure,Economy Class,Dec,4.0,5.0,4.0,Embraer 170,4.0,London,Geneva
8.4,"""seat very comfortable""",Couple Leisure,Business Class,Dec,5.0,5.0,5.0,Boeing 747-400,5.0,GRU,Heathrow
7.6,"""good experience for the price""",Family Leisure,Economy Class,Dec,5.0,5.0,4.0,A380,2.0,Prague,London
6.1,"""food was decent""",Solo Leisure,Economy Class,Dec,4.0,1.0,4.0,Boeing 777-300,3.0,Madrid,Heathrow
6.0,"""service very good and friendly""",Couple Leisure,Business Class,Oct,2.0,4.0,2.0,A380,3.0,Heathrow,Johannesburg
8.4,"""recommend British Airways""",Couple Leisure,Business Class,Nov,4.0,5.0,5.0,A320,5.0,Gatwick,BCN
0.8,"""absolutely chaotic boarding process""",Solo Leisure,Economy Class,Dec,2.0,1.0,2.0,Boeing 747,1.0,Salzburg,Gatwick
10.0,"""would not pay the asking price""",Couple Leisure,Business Class,Dec,5.0,5.0,5.0,A320,5.0,Heathrow,Amsterdam
3.5,"""staff seem preoccupied""",Solo Leisure,Business Class,Dec,3.0,3.0,3.0,A380,2.0,London,Los Angeles
0.9,"""definitely to be avoided""",Couple Leisure,Premium Economy,Nov,3.0,2.0,2.0,Boeing 777,2.0,GIG,Heathrow
10.0,British Airways customer review,Couple Leisure,Business Class,Dec,5.0,5.0,5.0,Boeing 747,5.0,Heathrow,Vancouver
9.9,"""thoroughly enjoyed the food""",Couple Leisure,Business Class,Dec,4.0,5.0,5.0,Boeing 777-200,5.0,Manchester,Heathrow
6.1,"""layout of seating poor""",Business,Business Class,Aug,2.0,5.0,1.0,Boeing 747,5.0,Suvarnabhumi,Heathrow
10.0,"""enough legroom for a tall man""",Family Leisure,Economy Class,Dec,4.0,5.0,5.0,Boeing 767,4.0,GIG,Heathrow
0.1,"""consistent erosion in quality""",Business,Premium Economy,Nov,3.0,3.0,1.0,Boeing 777,2.0,Heathrow,AUS
1.3,"""service was lacking in finesse""",Solo Leisure,Economy Class,Dec,2.0,1.0,1.0,A319,1.0,Gatwick,Salzburg
2.5,"""not a pleasant experience""",Couple Leisure,Economy Class,Dec,3.0,1.0,3.0,Boeing 777,1.0,Punta Cana,London
9.5,"""continues to set high standards""",Couple Leisure,Economy Class,Dec,5.0,5.0,5.0,Boeing 777-300,5.0,Heathrow,Singapore
10.0,"""impressive all round""",Solo Leisure,Economy Class,Dec,5.0,5.0,5.0,A320,5.0,Heathrow,Manchester
8.9,"""efficient and friendly service""",Solo Leisure,Premium Economy,Nov,4.0,3.0,2.0,Boeing 777,3.0,SEA,Heathrow
6.3,"""suffered with seat A by the window""",Solo Leisure,Economy Class,Dec,2.0,3.0,5.0,Boeing 747,5.0,Heathrow,SEA
8.7,"""a very enjoyable flight""",Couple Leisure,Business Class,Dec,5.0,5.0,5.0,Boeing 777,5.0,Suvarnabhumi,Heathrow
8.2,"""definitely fly again""",Solo Leisure,Business Class,Dec,5.0,5.0,4.0,A320,5.0,TXL,Heathrow
2.8,"""BA really did not care""",Solo Leisure,First Class,Aug,5.0,4.0,2.0,Boeing 747,2.0,John F. Kennedy,London
9.9,"""relaxing and luxurious""",Couple Leisure,Business Class,Dec,5.0,5.0,5.0,Boeing 777-200,5.0,Gatwick,Punta Cana
6.7,"""very friendly crew""",Solo Leisure,Economy Class,Dec,3.0,4.0,4.0,Boeing 777-200,4.0,Gatwick,TPA
10.0,"""unlimited legroom and a speedy exit""",Solo Leisure,Economy Class,Dec,4.0,5.0,5.0,Boeing 747-400,5.0,Heathrow,Cape Town
3.8,"""Very little leg room""",Couple Leisure,Economy Class,Dec,1.0,4.0,3.0,A380-800,1.0,Gatwick,Funchal
6.3,"""wasn't as unpleasant as I had expected""",Solo Leisure,Economy Class,Nov,3.0,3.0,3.0,Boeing 747-400,2.0,London,Chicago
8.5,"""cabin now feels outdated""",Couple Leisure,Premium Economy,Dec,4.0,4.0,4.0,Boeing 777,3.0,Gatwick,Las Vegas
6.7,"""get your act together""",Solo Leisure,First Class,Nov,3.0,4.0,4.0,Boeing 777,2.0,HND,Heathrow
2.5,"""never been so disappointed""",Business,First Class,Nov,3.0,5.0,1.0,Boeing 747-400,2.0,LAS,Heathrow
8.2,"""comfortable, if narrow, seats""",Couple Leisure,Business Class,Nov,4.0,4.0,3.0,Boeing 777,3.0,Tampa,Gatwick
5.3,"""crummy Boeing 747s""",Couple Leisure,Premium Economy,Nov,4.0,3.0,3.0,Boeing 747-400,3.0,Heathrow,Miami
1.4,"""never going to fly them again """,Couple Leisure,Economy Class,Jul,1.0,4.0,1.0,A320-200,1.0,Heathrow,LAS
5.5,"""disappointed by lack of care""",Couple Leisure,Economy Class,Nov,2.0,3.0,4.0,Boeing 747-400,3.0,John F. Kennedy,Heathrow
1.2,"""horrid excuse for customer service""",Couple Leisure,Economy Class,Oct,4.0,3.0,1.0,Boeing 777,1.0,YUL,Heathrow
5.2,"""staff bordering on rude""",Couple Leisure,Premium Economy,Nov,3.0,2.0,3.0,Boeing 777-200,2.0,Heathrow,Kuala Lumpur
6.3,"""flights therefore very uncomfortable""",Family Leisure,Economy Class,Nov,1.0,4.0,3.0,Boeing 777,4.0,IAD,Heathrow
7.7,"""pleasantly surprised""",Solo Leisure,Economy Class,Nov,3.0,5.0,5.0,Boeing 747-400,5.0,Edinburgh,Heathrow
9.7,"""vegetarian salad was welcome""",Solo Leisure,Economy Class,Nov,5.0,5.0,4.0,A320,4.0,MAD,Heathrow
2.9,"""miserable Business Class experience""",Couple Leisure,Business Class,Oct,1.0,4.0,2.0,A320,1.0,Heathrow,IST
3.8,"""British Airways have lost the plot""",Couple Leisure,Economy Class,Nov,2.0,2.0,3.0,Boeing 787,1.0,London,Barbados
4.2,"""aircraft are old and shabby""",Couple Leisure,Premium Economy,Oct,2.0,1.0,2.0,Boeing 777-200,3.0,Glasgow,Heathrow
3.6,"""the food was shocking""",Solo Leisure,Premium Economy,Oct,2.0,4.0,3.0,Boeing 777-200,2.0,Heathrow,Singapore
6.1,"""treat passengers poorly""",Business,Economy Class,Jan,3.0,1.0,4.0,Boeing 777-300 ER,1.0,Manchester,Heathrow
0.3,"""made me check my carry-on bag""",Couple Leisure,Economy Class,Nov,3.0,5.0,1.0,Boeing 777-200,4.0,Rome,London
3.2,"""service very mediocre at best""",Couple Leisure,Business Class,Nov,4.0,2.0,3.0,Boeing 777,2.0,Bangkok,London
0.3,"""disgusted by such treatment""",Business,Economy Class,Nov,1.0,2.0,1.0,A319,1.0,Gatwick,Amsterdam
8.6,"""large and very private seating""",Couple Leisure,First Class,Nov,5.0,5.0,5.0,A380,5.0,Heathrow,Singapore
7.1,"""just about okay overall""",Couple Leisure,Business Class,Nov,2.0,5.0,2.0,A320,4.0,Heathrow,Krakow
7.9,"""excellent flight on A380""",Solo Leisure,Premium Economy,Nov,4.0,5.0,4.0,A380,4.0,BSL,Heathrow
7.0,"""pleased with my flight""",Solo Leisure,Economy Class,Aug,3.0,4.0,2.0,Boeing 747-400,5.0,London,Vancouver
7.0,"""is well worth the extra""",Couple Leisure,Premium Economy,Nov,4.0,5.0,3.0,A380,5.0,Heathrow,San Francisco
0.6,"""sunk to new depths""",Couple Leisure,Economy Class,Nov,3.0,3.0,2.0,A320-200,2.0,Vienna,London
0.9,"""uncomfortable business class flight""",Business,Business Class,Nov,1.0,2.0,3.0,Boeing 747-400,1.0,Heathrow,GRU
5.8,"""Not great, not bad, just OK""",Couple Leisure,Premium Economy,Nov,3.0,3.0,3.0,Boeing 777,3.0,Gatwick,Grenada
6.1,"""service pretty good""",Business,Economy Class,Nov,4.0,4.0,4.0,Boeing 767,4.0,Heathrow,Edinburgh
6.3,"""crew competent and approachable""",Couple Leisure,Business Class,Nov,3.0,4.0,3.0,Boeing 787,3.0,Heathrow,Dubai
7.4,"""comfortable, if narrow, seats""",Couple Leisure,Business Class,Nov,4.0,4.0,3.0,Boeing 777,3.0,Tampa,Gatwick
6.0,"""inconsistency with cabin crew""",Solo Leisure,Business Class,Nov,3.0,2.0,2.0,A319,4.0,FCO,Gatwick
6.1,"""crummy Boeing 747s""",Couple Leisure,Premium Economy,Nov,4.0,3.0,3.0,Boeing 747-400,3.0,Heathrow,Miami
3.9,"""return trip not worth it""",Business,Business Class,Nov,2.0,4.0,1.0,A320,1.0,Hannover,Heathrow
2.1,"""dried up sandwich""",Business,Business Class,Nov,2.0,4.0,3.0,A320,1.0,Heathrow,Hannover
7.8,"""out of date with modern standards""",Solo Leisure,Business Class,Nov,2.0,4.0,4.0,Boeing 777,3.0,Heathrow,Dubai
7.5,"""not a First Class experience """,Solo Leisure,First Class,Nov,5.0,5.0,5.0,Boeing 777,3.0,Heathrow,Houston
2.7,"""uninterested and unfriendly""",Business,Economy Class,Nov,2.0,2.0,2.0,A319,1.0,Kiev,Heathrow
8.9,"""pleasant ambience onboard""",Business,Premium Economy,Oct,4.0,5.0,4.0,Boeing 777-300,4.0,Sydney,Singapore
7.0,"""paying for seat selection""",Solo Leisure,Economy Class,Sep,4.0,5.0,3.0,A320,4.0,Athens,Heathrow
1.0,"""costs double the average""",Business,Economy Class,Nov,2.0,2.0,1.0,Boeing 767,2.0,London,ZRH
10.0,"""Four excellent flights""",Solo Leisure,Economy Class,Nov,5.0,5.0,5.0,A321,4.0,Glasgow,Heathrow
4.3,"""First class was underwhelming""",Couple Leisure,First Class,Nov,5.0,2.0,4.0,Boeing 747-400,2.0,Cape Town,Heathrow
2.9,"""not the brand they were""",Couple Leisure,Business Class,Nov,3.0,3.0,5.0,Boeing 777-200,2.0,Heathrow,LAX
3.2,"""service was lousy on both flights""",Business,Business Class,Nov,1.0,1.0,3.0,Boeing 777-300,3.0,Heathrow,EZE
4.0,"""loyalty may have come to an end""",Couple Leisure,Economy Class,Nov,2.0,2.0,3.0,Boeing 787,3.0,Mauritius,London
4.9,"""just did not care at all""",Family Leisure,Economy Class,Oct,3.0,5.0,1.0,Boeing 777,2.0,Gatwick,Orlando
2.7,"""farcical flight to be honest""",Family Leisure,Economy Class,Nov,2.0,1.0,3.0,Boeing 787-9,1.0,Heathrow,Las Vegas
2.1,"""meal was past terrible""",Solo Leisure,Economy Class,Oct,5.0,4.0,5.0,A320,2.0,Rome,Heathrow
4.3,"""so much cabin baggage""",Solo Leisure,Economy Class,Nov,4.0,5.0,5.0,A320,4.0,Gatwick,Venice
5.4,"""really below average""",Couple Leisure,Business Class,Nov,1.0,4.0,4.0,Boeing 777,3.0,London,Luanda
3.8,"""interior very old and dirty""",Family Leisure,Economy Class,Nov,4.0,2.0,2.0,Boeing 747-400,1.0,Denver,Heathrow
2.3,"""Business seats are horrid""",Business,Business Class,Nov,1.0,2.0,4.0,Boeing 777-200,2.0,Suvarnabhumi,Heathrow
9.0,"""would fly them again""",Couple Leisure,First Class,Nov,4.0,5.0,5.0,Boeing 777-300,4.0,London,Sydney
7.7,"""isn't as good as Singapore and Emirates""",Couple Leisure,First Class,Oct,5.0,5.0,4.0,Boeing 747-400,4.0,Heathrow,Cape Town
2.1,"""not at all impressed""",Business,Economy Class,Nov,3.0,1.0,4.0,Boeing 747-400,1.0,BLR,Heathrow
4.8,"""food was very poor""",Couple Leisure,Business Class,Oct,4.0,4.0,5.0,Boeing 777,2.0,London,Kuala Lumpur
7.2,"""a good experience""",Business,Premium Economy,Nov,4.0,3.0,4.0,Boeing 747-400,2.0,NCE,Heathrow
8.7,"""a great experience""",Solo Leisure,First Class,May,4.0,5.0,4.0,Boeing 777,4.0,Singapore,Sydney
2.9,"""not flying British Airways again""",Solo Leisure,Economy Class,Nov,2.0,1.0,1.0,A320-200,1.0,Gatwick,Cancun
2.2,"""try to avoid BA in the future""",Solo Leisure,Economy Class,Oct,3.0,1.0,2.0,Boeing 767,1.0,London,Delhi
1.2,"""no space to work""",Business,Business Class,Nov,1.0,3.0,1.0,A320,1.0,Istanbul,London
10.0,"""courteous and professional""",Solo Leisure,Economy Class,Oct,4.0,5.0,2.0,A319,5.0,Geneva,Heathrow
10.0,"""exemplary in every way""",Couple Leisure,Business Class,Nov,5.0,5.0,5.0,Boeing 777,4.0,Heathrow,NBO
3.0,"""snottiest crew I ever came across""",Business,First Class,Oct,3.0,2.0,3.0,Boeing 777,3.0,SEA,Heathrow
5.6,"""going back to Virgin Atlantic """,Solo Leisure,Premium Economy,Nov,1.0,3.0,2.0,Boeing 787,4.0,Newark,Heathrow
9.9,"""dismayed by the BA agent""",Family Leisure,Economy Class,Nov,3.0,4.0,1.0,Boeing 777-300 ER,3.0,Venice,Gatwick
6.4,"""seats are very tired""",Family Leisure,Economy Class,Oct,3.0,5.0,4.0,Boeing 747-400,4.0,Heathrow,Las Vegas
9.9,"""cabin crew did a great job""",Solo Leisure,Economy Class,Nov,4.0,5.0,4.0,A320,5.0,Lisbon,London
2.0,"""lack of service amazed me""",Solo Leisure,Business Class,Oct,3.0,1.0,4.0,Boeing 777,1.0,PHL,Heathrow
8.2,"""you will get value for money""",Solo Leisure,Economy Class,Sep,4.0,5.0,5.0,Boeing 777-200ER,4.0,Vienna,London
3.8,"""indifferent cabin crew""",Business,Business Class,Nov,3.0,1.0,1.0,Boeing 777,1.0,Singapore,Heathrow
4.2,"""prefer the 747 upper deck""",Couple Leisure,Business Class,Oct,4.0,5.0,2.0,A380,3.0,Miami,Heathrow
6.2,"""FA's showed no enthusiasm""",Solo Leisure,Economy Class,Sep,3.0,3.0,5.0,Boeing 747-400,3.0,San Francisco,Heathrow
4.8,"""BA really need to address this""",Family Leisure,Economy Class,Oct,4.0,3.0,4.0,A320,1.0,SSH,Gatwick
3.5,"""once a great airline is going downhill""",Couple Leisure,Premium Economy,Oct,2.0,2.0,2.0,Boeing 777-200,3.0,Heathrow,Bangkok
7.4,"""flight attendants seemed friendly""",Solo Leisure,Premium Economy,Oct,4.0,4.0,4.0,A380,4.0,San Francisco,Heathrow
8.8,"""extremely friendly and competent""",Business,Economy Class,Oct,4.0,5.0,4.0,A321,5.0,Heathrow,Milan Malpensa
5.6,"""a mediocre performance from BA""",Solo Leisure,Business Class,Mar,4.0,1.0,2.0,Boeing 787-800,2.0,Heathrow,Chengdu
5.4,"""personal space is rather limited""",Business,Business Class,Jan,4.0,3.0,4.0,Boeing 777-300 ER,2.0,Tokyo Narita,Heathrow
8.2,"""very spacious suite""",Business,First Class,Jan,5.0,5.0,4.0,Boeing 777-300 ER,5.0,Heathrow,Tokyo Narita
1.7,"""will use other carriers""",Couple Leisure,Economy Class,Oct,1.0,4.0,1.0,Boeing 747-400,3.0,Manchester,Heathrow
7.8,"""the seat was roomy""",Solo Leisure,Premium Economy,Oct,4.0,3.0,3.0,Boeing 777,4.0,Heathrow,New York
6.1,"""FA's were happy to assist""",Solo Leisure,Economy Class,Sep,5.0,4.0,5.0,A380,4.0,Heathrow,San Francisco
10.0,"""very high standard of service""",Couple Leisure,Economy Class,Oct,5.0,5.0,4.0,Boeing 787,5.0,London,Chennai
8.2,"""very good flying experience""",Couple Leisure,Business Class,Oct,4.0,4.0,4.0,Boeing 777-300 ER,5.0,Heathrow,Venice
2.1,"""not helped by customer service""",Solo Leisure,Economy Class,Sep,2.0,3.0,1.0,Boeing 747-400,3.0,San Francisco,Heathrow
7.0,"""keep expectations in check""",Business,Premium Economy,Oct,4.0,5.0,3.0,Boeing 747-400,4.0,London,Phoenix
2.3,"""lot of money for little in return""",Couple Leisure,Premium Economy,Oct,2.0,4.0,2.0,Boeing 747-400,2.0,San Francisco,Heathrow
5.5,"""service however lacked shine""",Couple Leisure,Economy Class,Oct,2.0,1.0,4.0,Boeing 777,2.0,Orlando,London
1.0,"""horrible return flights""",Business,Economy Class,Oct,1.0,2.0,4.0,Boeing 747-400,3.0,London,Cape Town
5.8,"""lounge more like a refugee centre""",Business,Business Class,Oct,2.0,5.0,2.0,Boeing 777-200,4.0,Heathrow,Haneda
3.2,"""cracks are starting to appear""",Solo Leisure,Economy Class,Oct,4.0,4.0,1.0,A319,2.0,Heathrow,Geneva
4.2,"""seats are just the same""",Solo Leisure,Business Class,Oct,3.0,4.0,4.0,A320,2.0,Heathrow,Amsterdam
2.6,"""advise not to waste your money""",Couple Leisure,Economy Class,Aug,1.0,2.0,1.0,Boeing 777,1.0,Heathrow,Madrid
8.7,"""plenty of legroom""",Couple Leisure,Premium Economy,Oct,4.0,4.0,3.0,Boeing 777,4.0,Heathrow,Singapore
3.1,"""premium economy pathetic""",Solo Leisure,Premium Economy,Sep,2.0,4.0,2.0,A380,2.0,Heathrow,Suvarnabhumi
2.4,"""last time using British Airways """,Couple Leisure,Business Class,Oct,1.0,4.0,4.0,Boeing 777-200,3.0,SYD,Singapore
9.0,"""a huge improvement""",Couple Leisure,Premium Economy,Oct,5.0,5.0,4.0,A380,4.0,Heathrow,O.R. Tambo
4.7,"""British Airways really don't care """,Couple Leisure,Business Class,Oct,2.0,4.0,2.0,A319,2.0,Pisa,Gatwick
4.7,"""how underwhelmed we were""",Family Leisure,Business Class,Oct,4.0,2.0,1.0,A380,2.0,Heathrow,Singapore
3.6,"""my seat was broken""",Business,Economy Class,Oct,1.0,2.0,4.0,Boeing 777-200,1.0,Antigua,Gatwick
7.7,"""food and wine excellent""",Couple Leisure,Business Class,Oct,4.0,5.0,4.0,A380,5.0,London,Los Angeles
2.4,"""lot of catching up to do""",Business,Business Class,Oct,3.0,2.0,1.0,Boeing 747-400,2.0,Heathrow,Singapore
1.7,"""minimized the leg space""",Business,Business Class,Oct,1.0,2.0,1.0,A320,2.0,Athens,London
7.8,"""cabin crew efficient""",Couple Leisure,Business Class,Oct,4.0,5.0,4.0,Boeing 777,3.0,SAN,Heathrow
7.3,British Airways customer review,Family Leisure,Premium Economy,Oct,4.0,3.0,3.0,Boeing 777-200,3.0,Gatwick,Las Vegas
5.9,"""food was indifferent""",Business,Premium Economy,Sep,3.0,1.0,4.0,Boeing 747,2.0,Vancouver,London
8.4,"""leg room was good""",Couple Leisure,Economy Class,Oct,4.0,3.0,5.0,A320,3.0,Heathrow,MAD
3.9,"""clearly cost cutting now""",Solo Leisure,Economy Class,Oct,2.0,3.0,3.0,A319,2.0,Bologna,Heathrow
2.9,"""TV did not work entire flight""",Couple Leisure,Economy Class,Oct,3.0,3.0,3.0,Boeing 747-400,2.0,LAS,Heathrow
5.1,"""obvious cost cutting""",Couple Leisure,Business Class,Oct,2.0,2.0,4.0,A320,3.0,Gatwick,Pisa
8.8,"""service was efficient and friendly""",Couple Leisure,Business Class,Sep,4.0,5.0,5.0,A319,4.0,Gatwick,Bari
1.5,"""never fly British Airways again""",Solo Leisure,Business Class,Oct,1.0,1.0,1.0,Boeing 767,1.0,Rome,London
1.8,"""one of the worst experiences""",Business,Business Class,Sep,1.0,2.0,1.0,A320-200,1.0,Singapore,Heathrow
3.0,"""cabin crew was not the friendliest""",Solo Leisure,Business Class,Sep,4.0,2.0,2.0,Boeing 777,1.0,Heathrow,SAN
8.9,"""pay to choose seats""",Solo Leisure,Economy Class,Oct,3.0,4.0,3.0,A319,3.0,London,Rome
6.1,"""behind their competitors""",Family Leisure,First Class,Oct,4.0,4.0,3.0,767-300,3.0,Heathrow,ARN
9.2,"""great choice of films""",Solo Leisure,Economy Class,Sep,5.0,5.0,4.0,Boeing 777,5.0,Manchester,Heathrow
3.1,"""disgraceful attitude""",Couple Leisure,Economy Class,Oct,3.0,3.0,1.0,Boeing 777-200,4.0,TLV,Heathrow
6.4,"""decent service for a short flight""",Couple Leisure,Economy Class,Oct,4.0,5.0,4.0,A319,2.0,Heathrow,Amsterdam
4.8,"""a disgrace and inedible""",Business,Economy Class,Oct,2.0,3.0,3.0,Boeing 777-200,1.0,Heathrow,Bahrain
8.9,"""service was good""",Business,Business Class,Aug,4.0,4.0,4.0,A380,4.0,Heathrow,Singapore
6.8,"""cabin the biggest disappointment""",Family Leisure,Economy Class,Aug,2.0,4.0,5.0,Boeing 777-200,3.0,Heathrow,Kuala Lumpur
6.1,"""a pleasant flight""",Solo Leisure,Economy Class,Apr,4.0,4.0,3.0,Boeing 777-200,3.0,London,Bangkok
6.0,"""plane was really scruffy""",Couple Leisure,Premium Economy,Oct,3.0,4.0,4.0,Boeing 777-200,4.0,Glasgow,Heathrow
7.9,"""legroom could be better""",Couple Leisure,Business Class,Oct,4.0,5.0,4.0,A320,5.0,Fuereventura,Gatwick
5.8,"""will now be considering other airlines""",Couple Leisure,Economy Class,Oct,1.0,2.0,3.0,Boeing 747-400,2.0,DUB,Heathrow
4.2,"""inflight entertainment is rubbish""",Family Leisure,Economy Class,Apr,1.0,4.0,3.0,Boeing 747,1.0,Jersey,London
3.8,"""no passenger baggage arrived""",Couple Leisure,Economy Class,Sep,4.0,4.0,1.0,Boeing 777,4.0,Toronto,Heathrow
6.9,"""need help to get the service right""",Business,First Class,Sep,5.0,4.0,5.0,Boeing 777-300,5.0,Heathrow,Singapore
2.4,"""you could care less""",Couple Leisure,Premium Economy,Sep,3.0,4.0,3.0,Boeing 777-300,4.0,DFW,Heathrow
8.6,"""seamless and effortless""",Couple Leisure,Economy Class,Oct,4.0,4.0,5.0,Boeing 747-400,4.0,Cape Town,London
6.6,"""new plane, tired old seat design""",Business,Business Class,Sep,3.0,3.0,4.0,A380,4.0,Hong Kong,Heathrow
6.2,"""airline with very mixed quality""",Business,Premium Economy,Sep,5.0,3.0,3.0,A320,5.0,DUS,Heathrow
9.0,"""food choice was great""",Solo Leisure,Business Class,Sep,3.0,5.0,4.0,Boeing 747-400,5.0,LAS,Heathrow
3.4,"""brusque drinks service""",Solo Leisure,Economy Class,Oct,3.0,1.0,3.0,A320,1.0,Heathrow,Manchester
2.1,"""our luggage left at Heathrow""",Couple Leisure,Economy Class,Sep,4.0,3.0,3.0,Boeing 787-8,2.0,London,Toronto
2.0,"""Boeing 747 horribly outdated""",Business,Economy Class,Sep,1.0,3.0,1.0,Boeing 747-400,3.0,Heathrow,San Francisco
3.0,"""very disappointed in British Airways""",Family Leisure,Business Class,Dec,4.0,2.0,4.0,Boeing 777-300 ER,1.0,Heathrow,Chicago
6.0,"""disgraceful level of cleanliness""",Business,Business Class,Sep,3.0,4.0,4.0,A321,4.0,Nairobi,London
8.6,"""staff were great""",Solo Leisure,Economy Class,Sep,4.0,5.0,3.0,A320,4.0,lgw,alicante
3.9,"""seats are far too cramped""",Solo Leisure,Economy Class,Sep,1.0,4.0,3.0,Boeing 747-400,1.0,Phoenix,Heathrow
7.8,"""crew were friendly and attentive""",Family Leisure,Economy Class,Aug,4.0,4.0,4.0,A319,4.0,Gatwick,ALC
0.1,"""clapped-out aircraft""",Couple Leisure,Economy Class,Sep,1.0,3.0,1.0,Boeing 747-400,1.0,London,Johannesburg
5.1,"""pretty much a low-cost airline""",Business,Economy Class,Sep,4.0,4.0,5.0,A320,4.0,VIE,Heathrow
3.5,"""a smile would go a long way""",Couple Leisure,Economy Class,Aug,1.0,2.0,3.0,A380,3.0,Denver,London
5.9,"""made to feel a huge inconvenience""",Solo Leisure,Business Class,Sep,4.0,1.0,4.0,Boeing 777-200ER,3.0,Heathrow,Munich
0.5,"""never fly British Airways again""",Family Leisure,Economy Class,Sep,1.0,2.0,2.0,Boeing 747-400,1.0,Phoenix,Heathrow
8.1,"""fare paid very similar to easyJet""",Solo Leisure,Business Class,Sep,3.0,5.0,5.0,A320,4.0,Gatwick,SSH 
4.5,"""pre-boarding not a premium product""",Solo Leisure,Business Class,Sep,1.0,5.0,1.0,A320,4.0,SSH,Gatwick
7.4,"""we were pleasantly surprised""",Family Leisure,Economy Class,Sep,4.0,5.0,3.0,A320,1.0,Heathrow,GIB
7.6,"""cabin crew tend to forget you""",Business,Business Class,Sep,4.0,3.0,4.0,Boeing 747-400,5.0,Heathrow,Dubai
6.0,"""compared with old seats, not very comfortable""",Business,Business Class,Sep,2.0,3.0,5.0,A320,4.0,Stockholm,London
3.8,"""they did not have my vegetarian meal""",Family Leisure,Economy Class,Aug,4.0,3.0,4.0,A320-200,1.0,London,Seattle
6.4,British Airways customer review,Couple Leisure,Business Class,May,4.0,4.0,4.0,Boeing 777,4.0,SYD,Singapore
3.8,"""lose some of their arrogant approach""",Business,Business Class,Sep,2.0,2.0,3.0,Boeing 777,1.0,HND,Heathrow
3.4,"""product and service is so old and tired""",Solo Leisure,Business Class,Sep,3.0,4.0,4.0,Boeing 747-400,3.0,Vancouver,London
8.2,"""For just ?39, it was a bargain.""",Solo Leisure,Economy Class,Sep,4.0,4.0,4.0,A320,3.0,Barcelona,Heathrow
9.8,"""British Airways a cut above US carriers""",Solo Leisure,Premium Economy,Sep,5.0,5.0,5.0,Boeing 777,5.0,Heathrow,IAD
5.0,"""not recommend flying long haul with BA""",Couple Leisure,Economy Class,Sep,3.0,2.0,2.0,A320,1.0,Gatwick,Cancun
4.2,"""wouldn't recommend spending extra for Club Europe""",Couple Leisure,Business Class,Sep,1.0,5.0,3.0,A320,3.0,Heathrow,Bologna
1.4,"""my wife and I were seated 4 rows apart""",Couple Leisure,Economy Class,Sep,1.0,4.0,1.0,Boeing 767,2.0,LCA,Heathrow
8.5,"""flight experience was great""",Couple Leisure,Economy Class,Sep,5.0,3.0,4.0,A320,3.0,Amsterdam,Heathrow
6.9,"""cabin interior looked old and worn""",Couple Leisure,Economy Class,Sep,3.0,5.0,4.0,Boeing 747-400,5.0,Heathrow,Miami
2.9,"""customer service was poor""",Solo Leisure,Economy Class,Aug,1.0,2.0,4.0,A320,1.0,Heathrow,CPH
10.0,"""best pasta dish I have had on a plane""",Business,Business Class,Sep,5.0,5.0,5.0,A318,5.0,London,SNN
9.8,"""efficient, punctual and comfortable""",Couple Leisure,Economy Class,Sep,5.0,5.0,5.0,A320,3.0,Heathrow,BUD
0.2,"""look at competitors. otherwise book economy""",Business,Business Class,Sep,1.0,5.0,3.0,Boeing 737,2.0,Gatwick,Naples
5.0,"""Club Europe is poor value""",Couple Leisure,Business Class,Sep,2.0,2.0,2.0,A320,2.0,Heathrow,KGS
3.5,"""British Airways service getting worse and worse""",Couple Leisure,First Class,Sep,2.0,5.0,2.0,Boeing 747-400,2.0,Boston,London
6.3,"""British Airways service slipping rapidly""",Solo Leisure,Economy Class,Aug,4.0,3.0,5.0,A320,4.0,Heathrow,OSL
3.8,"""Seats in Club Europe identical to Economy""",Family Leisure,Business Class,Jul,1.0,4.0,1.0,Embraer E190,1.0,London,Granada
1.1,"""what has happened to British Airways""",Couple Leisure,Economy Class,Sep,3.0,3.0,1.0,Boeing 777-200,2.0,Glasgow,Heathrow
10.0,"""enjoyed the flight in Club World""",Solo Leisure,Business Class,Sep,5.0,5.0,5.0,Boeing 777-200ER,5.0,St Lucia,Gatwick
7.7,"""I will still avoid British Airways if I can""",Couple Leisure,Premium Economy,Sep,4.0,5.0,4.0,Boeing 747-400,3.0,Heathrow,PHX
0.7,"""greedy company who are in decline""",Couple Leisure,Economy Class,Sep,1.0,1.0,1.0,Boeing 777-300 ER,1.0,Gatwick,Barcelona
2.9,"""British Airways has fallen prey to greed""",Business,Business Class,Sep,1.0,2.0,3.0,Boeing 747,1.0,Heathrow,BRU
3.2,"""British Airways have gradually deteriorated""",Couple Leisure,Economy Class,Jul,2.0,2.0,3.0,Boeing 747-400,1.0,Heathrow,Vancouver
3.4,"""Boeing 747-400 well past a major refurbishment""",Couple Leisure,Economy Class,Sep,1.0,3.0,3.0,Boeing 747-400,2.0,Glasgow,Heathrow
2.4,"will never fly British Airways again """,Solo Leisure,Business Class,Sep,1.0,2.0,3.0,Boeing 747,1.0,Dubai,Heathrow
8.1,"""Overall a pleasant experience""",Solo Leisure,Premium Economy,Sep,3.0,5.0,4.0,Boeing 777,5.0,Toronto,Heathrow
9.0,"""seat comfortable in World Traveller Plus""",Solo Leisure,Premium Economy,Sep,5.0,5.0,5.0,Boeing 747-400,5.0,Heathrow,Miami
10.0,"""very nice seats and comfortable""",Couple Leisure,Economy Class,Sep,5.0,5.0,5.0,Boeing 767,4.0,Madrid,Heathrow
3.2,"""I was very disappointed with British Airways""",Couple Leisure,Economy Class,Sep,1.0,4.0,3.0,Boeing 777-200,2.0,Gatwick,Mauritius
7.7,"""Boeing 777-200 needs replacing soon""",Couple Leisure,Economy Class,Aug,3.0,4.0,3.0,Boeing 777-200,3.0,Moscow,Heathrow
7.9,"""overall a comfortable short flight""",Couple Leisure,Economy Class,Aug,3.0,4.0,3.0,A319,4.0,London,St Petersburgh
6.3,"""even US carriers offer superior seating""",Couple Leisure,Business Class,Sep,3.0,4.0,4.0,A380,4.0,Los Angeles,London
1.8,"""customer service gone out of the window""",Couple Leisure,Business Class,Aug,1.0,4.0,1.0,A319,2.0,Heathrow,Basel
1.3,"""not recommend British Airways to worst enemy""",Business,Business Class,Sep,5.0,5.0,1.0,A320,5.0,Heathrow,Rome FCO
1.4,"""never recommend British Airways to anyone""",Couple Leisure,Economy Class,Sep,1.0,3.0,1.0,Boeing 747-400,2.0,John F. Kennedy,Heathrow
1.5,"""seat was not fit for purpose""",Solo Leisure,Economy Class,Apr,1.0,1.0,1.0,Boeing 777,1.0,Heathrow,Suvarnabhumi
1.4,"""never fly British Airways First class again""",Couple Leisure,First Class,Mar,4.0,2.0,1.0,Boeing 777,1.0,London,Tokyo
3.2,"""space for improvement at British Airways""",Solo Leisure,Economy Class,Sep,1.0,3.0,2.0,Boeing 787-9,2.0,Vancouver,Heathrow
0.4,"""British Airways is simply terrible""",Family Leisure,Economy Class,Sep,1.0,1.0,1.0,Boeing 777-300,3.0,GIG,Heathrow
8.3,"""seats comfortable for a short flight""",Solo Leisure,Business Class,Aug,4.0,4.0,4.0,A319,4.0,Heathrow,Venice
4.0,"""Problem is how inconsistent British Airways is"" ",Solo Leisure,Economy Class,Aug,3.0,3.0,2.0,A321,3.0,London,Paris
6.8,"""plane was freezing both there and back""",Couple Leisure,Economy Class,Aug,2.0,3.0,4.0,Boeing 777-200,4.0,Heathrow,Bangkok
1.6,"""space in economy is abysmal""",Family Leisure,Economy Class,Aug,1.0,1.0,3.0,Boeing 747-400,1.0,Las Vegas,Heathrow
0.8,"""Club Europe seats not fit for purpose """,Business,Business Class,Sep,1.0,3.0,2.0,A320,2.0,Athens,London
1.6,"""never use British Airways again",Solo Leisure,Economy Class,Sep,1.0,1.0,1.0,Boeing 777,1.0,John F. Kennedy,Heathrow
8.5,"""other budget airlines better wake up""",Couple Leisure,Economy Class,Aug,4.0,5.0,4.0,A319,5.0,Gatwick,Barcelona
7.3,"""the worst lounge experience ever""",Business,First Class,Sep,3.0,5.0,4.0,Boeing 777,4.0,Dubai,Heathrow
0.2,"""what is there to like about BA""",Business,Business Class,Aug,1.0,1.0,1.0,Boeing 747-400,1.0,Heathrow,PEK
2.3,"""dirt between seats that is disgusting""",Family Leisure,Economy Class,Aug,1.0,2.0,3.0,Boeing 777-300,1.0,Cape Town,Heathrow
2.6,"""too much money for such mediocre service",Business,Business Class,Sep,2.0,3.0,3.0,Boeing 747-400,2.0,London,New York
5.3,"""simply not worth the premium prices""",Couple Leisure,Business Class,Aug,3.0,4.0,4.0,Boeing 777-200,4.0,Glasgow,Heathrow
9.5,"""BA have improved both service""",Couple Leisure,Business Class,Aug,5.0,4.0,4.0,A380,5.0,Heathrow,Johannesburg
7.1,"""service ok""",Couple Leisure,Business Class,Aug,3.0,4.0,3.0,A320,3.0,Heathrow,ARN
4.6,"""I would struggle to get comfortable""",Business,First Class,Aug,1.0,5.0,2.0,Boeing 747-400,4.0,London,Dubai
6.6,"""strange new Club Europe seats""",Business,Business Class,Aug,2.0,4.0,3.0,A321,3.0,London,Brussels
1.8,"""our last flight with British Airways""",Family Leisure,Economy Class,Aug,1.0,1.0,1.0,Boeing 747-400,1.0,Denver,London
7.0,"""staff amiable and present""",Couple Leisure,Economy Class,Aug,5.0,5.0,4.0,Boeing 767,2.0,Calgary,London
9.5,"""cannot fault the service""",Family Leisure,Economy Class,Aug,5.0,5.0,4.0,Boeing 777-300 ER,5.0,Amsterdam,London
9.5,British Airways customer review,Solo Leisure,Economy Class,Aug,5.0,5.0,5.0,A320,5.0,MXP,Heathrow
4.5,British Airways customer review,Couple Leisure,Business Class,Jul,3.0,2.0,3.0,Boeing 777,2.0,Toronto,Heathrow
3.4,British Airways customer review,Solo Leisure,Economy Class,Jul,2.0,1.0,1.0,A320,2.0,Lyon,Heathrow
8.3,British Airways customer review,Family Leisure,Economy Class,Aug,4.0,2.0,5.0,A320,3.0,Gatwick,Marrakech
3.3,British Airways customer review,Family Leisure,Economy Class,Aug,4.0,5.0,1.0,Boeing 747-400,4.0,Miami,Heathrow
5.9,British Airways customer review,Business,Economy Class,Jun,2.0,4.0,3.0,A319,3.0,London,Geneva
2.9,British Airways customer review,Business,Economy Class,Aug,1.0,2.0,3.0,Boeing 747-400,1.0,Heathrow,PHX
2.4,British Airways customer review,Family Leisure,Economy Class,Aug,1.0,4.0,1.0,Boeing 747,1.0,Manchester,Heathrow
8.5,British Airways customer review,Business,Business Class,Aug,3.0,5.0,4.0,Boeing 767,4.0,LCA,Heathrow
0.5,British Airways customer review,Business,Economy Class,Aug,2.0,2.0,1.0,A319,2.0,Heathrow,Aberdeen
4.9,British Airways customer review,Couple Leisure,Business Class,Aug,3.0,2.0,2.0,Boeing 777-300,2.0,London,Kuala lumpur
7.0,British Airways customer review,Solo Leisure,Business Class,Aug,3.0,4.0,4.0,Boeing 777-300 ER,3.0,London,Berlin
0.4,British Airways customer review,Family Leisure,Economy Class,Aug,3.0,1.0,5.0,Boeing 777,3.0,Denver,Heathrow
8.0,British Airways customer review,Couple Leisure,Business Class,Aug,4.0,3.0,3.0,A321,3.0,Heathrow,CPH
8.6,British Airways customer review,Solo Leisure,Economy Class,Aug,4.0,3.0,5.0,A319,3.0,Glasgow,Heathrow
1.2,British Airways customer review,Couple Leisure,Economy Class,Aug,1.0,2.0,3.0,Boeing 737-400,1.0,Gatwick,Genoa
3.3,British Airways customer review,Couple Leisure,Economy Class,Aug,1.0,4.0,4.0,A319,2.0,Heathrow,Toulouse
0.2,British Airways customer review,Couple Leisure,Economy Class,Aug,2.0,2.0,1.0,Boeing 777-300 ER,2.0,London,Copenhagen
9.0,British Airways customer review,Couple Leisure,Economy Class,Aug,5.0,5.0,5.0,A319,5.0,Heathrow,DUB
2.3,British Airways customer review,Solo Leisure,Economy Class,Aug,3.0,1.0,1.0,A320,2.0,Berlin,Heathrow
8.4,British Airways customer review,Business,First Class,Aug,4.0,5.0,3.0,A380,4.0,Heathrow,IAD
5.9,British Airways customer review,Business,Business Class,Aug,4.0,4.0,1.0,Boeing 777-236,2.0,DOH,BAH
8.0,British Airways customer review,Family Leisure,Economy Class,Aug,3.0,4.0,5.0,Boeing 747-400,4.0,Heathrow,Cape Town
2.5,British Airways customer review,Couple Leisure,Economy Class,Aug,1.0,2.0,3.0,Boeing 747-400,2.0,St Lucia,Gatwick
7.8,British Airways customer review,Solo Leisure,Business Class,Aug,4.0,5.0,3.0,A319,5.0,Bari,Gatwick
9.7,British Airways customer review,Family Leisure,Economy Class,Aug,5.0,5.0,5.0,Boeing 777-200,4.0,London,Toronto
7.5,British Airways customer review,Couple Leisure,Economy Class,Aug,4.0,4.0,4.0,A319,3.0,Heathrow,Dusseldorf
4.0,British Airways customer review,Family Leisure,Business Class,Aug,4.0,1.0,1.0,Boeing 787-8,2.0,London,Jeddah
2.8,British Airways customer review,Family Leisure,Business Class,Aug,4.0,1.0,1.0,Boeing 747,2.0,London,Jeddah
9.4,British Airways customer review,Family Leisure,Business Class,Aug,5.0,5.0,5.0,A380-800,5.0,Heathrow,BCN
3.2,British Airways customer review,Family Leisure,Economy Class,Aug,2.0,1.0,3.0,A380,1.0,San Francisco,Heathrow
9.6,British Airways customer review,Family Leisure,Economy Class,Aug,4.0,5.0,4.0,A320,5.0,Amsterdam,Heathrow
3.8,British Airways customer review,Couple Leisure,Economy Class,Aug,4.0,3.0,1.0,A320-200,4.0,Edinburgh,London
9.4,British Airways customer review,Family Leisure,Business Class,Aug,5.0,5.0,5.0,A320,5.0,Marseille,Heathrow
8.8,British Airways customer review,Couple Leisure,Business Class,Jul,4.0,5.0,5.0,Boeing 777,5.0,Miami,Heathrow
4.4,British Airways customer review,Business,Economy Class,May,3.0,3.0,1.0,Boeing 767,3.0,Gatwick,Bridgetown
0.0,British Airways customer review,Couple Leisure,Economy Class,Aug,2.0,3.0,1.0,Boeing 747-300,2.0,RUH,Heathrow
1.9,British Airways customer review,Couple Leisure,First Class,Jul,2.0,3.0,1.0,Boeing 777,1.0,PHL,Heathrow
1.1,British Airways customer review,Family Leisure,Economy Class,Aug,1.0,3.0,1.0,Boeing 747,3.0,Hyderabad,Heathrow
8.0,British Airways customer review,Couple Leisure,Business Class,Aug,3.0,5.0,3.0,Boeing 777,3.0,Washington DC,Heathrow
0.8,British Airways customer review,Couple Leisure,Business Class,Aug,1.0,3.0,3.0,Boeing 767,2.0,London,Nassau
8.7,British Airways customer review,Couple Leisure,Economy Class,Aug,5.0,5.0,5.0,Boeing 777-300 ER,4.0,Dublin,Heathrow
9.8,British Airways customer review,Family Leisure,Business Class,Jul,5.0,5.0,5.0,Boeing 747,5.0,Heathrow,LAS
7.0,British Airways customer review,Family Leisure,Economy Class,Apr,5.0,5.0,5.0,Boeing 747-400,5.0,Boston,London
2.7,British Airways customer review,Family Leisure,Economy Class,Jun,1.0,1.0,1.0,Boeing 777-300,2.0,Sydney,Singapore
7.6,British Airways customer review,Business,Business Class,Sep,5.0,5.0,4.0,Boeing 777,2.0,Bologna,London
4.9,British Airways customer review,Solo Leisure,Business Class,Jul,1.0,4.0,3.0,Boeing 777,2.0,London,Singapore
8.9,British Airways customer review,Solo Leisure,Economy Class,Aug,4.0,5.0,5.0,A319,4.0,Glasgow,Gatwick
9.8,British Airways customer review,Couple Leisure,Business Class,Aug,4.0,5.0,5.0,Boeing 767,5.0,Heathrow,IST
7.1,British Airways customer review,Solo Leisure,Economy Class,Jul,4.0,3.0,2.0,A319,2.0,Glasgow,Gatwick
8.8,British Airways customer review,Solo Leisure,Economy Class,Aug,4.0,3.0,3.0,Boeing 747-400,5.0,DME,Heathrow
1.2,British Airways customer review,Family Leisure,Economy Class,Aug,3.0,2.0,2.0,A320,4.0,London,Miami
3.6,British Airways customer review,Business,Business Class,Aug,2.0,2.0,2.0,Boeing 747-400,2.0,Beijing,Heathrow
7.0,British Airways customer review,Solo Leisure,Economy Class,Aug,4.0,4.0,4.0,Boeing 767,4.0,London,Larnaca
1.9,British Airways customer review,Solo Leisure,Economy Class,Aug,1.0,1.0,1.0,A380-800,1.0,London,Pisa
8.8,British Airways customer review,Solo Leisure,Economy Class,Aug,4.0,5.0,4.0,A319,4.0,Dublin,Heathrow
1.8,British Airways customer review,Couple Leisure,Economy Class,Aug,1.0,1.0,1.0,Boeing 777,1.0,Sydney,Heathrow
1.2,British Airways customer review,Business,Economy Class,Jul,1.0,2.0,2.0,Boeing 747-400,2.0,Heathrow,Dubai
6.2,British Airways customer review,Couple Leisure,Economy Class,Jun,2.0,3.0,3.0,Boeing 747-400,2.0,Cape Town,London
8.3,British Airways customer review,Couple Leisure,Economy Class,Jul,2.0,4.0,3.0,Boeing 747-400,3.0,London,Cape Town
3.3,British Airways customer review,Family Leisure,Economy Class,Aug,1.0,2.0,2.0,Boeing 777,1.0,Washington DC,Heathrow
0.2,British Airways customer review,Solo Leisure,Business Class,Jun,1.0,3.0,3.0,A319,2.0,Heathrow,ZRH
3.8,British Airways customer review,Business,Business Class,Jul,2.0,1.0,2.0,Boeing 777,1.0,Tokyo Narita,London
4.2,British Airways customer review,Family Leisure,Premium Economy,Jul,3.0,5.0,4.0,Boeing 747-400,3.0,Manchester,London
7.0,British Airways customer review,Couple Leisure,Premium Economy,Jul,2.0,5.0,5.0,A321 Neo,4.0,Los Angeles,Heathrow
3.6,British Airways customer review,Business,Economy Class,Jul,3.0,1.0,4.0,Boeing 747-400,1.0,London,Vienna
3.8,British Airways customer review,Couple Leisure,Economy Class,Jul,1.0,4.0,2.0,Boeing 777-300,4.0,London,Singapore
3.1,British Airways customer review,Business,Economy Class,Jul,4.0,2.0,3.0,A319,2.0,Heathrow,Vienna
1.5,British Airways customer review,Business,Business Class,Jul,2.0,1.0,5.0,Boeing 747-400,2.0,Cape Town,London
4.4,British Airways customer review,Family Leisure,Premium Economy,Jul,2.0,1.0,2.0,Boeing 747,2.0,Seoul,London
6.3,British Airways customer review,Family Leisure,Economy Class,Jul,4.0,3.0,4.0,Boeing 747,3.0,San Francisco,Heathrow
1.2,British Airways customer review,Solo Leisure,First Class,Jun,4.0,1.0,2.0,Boeing 747-400,3.0,Vancouver,Heathrow
1.9,British Airways customer review,Business,First Class,Jul,2.0,3.0,1.0,Boeing 747,2.0,New York,Heathrow
10.0,British Airways customer review,Business,Economy Class,Jul,4.0,5.0,4.0,A321,5.0,Manchester,LHR 
2.1,British Airways customer review,Business,Business Class,Jul,1.0,2.0,3.0,Boeing 777,4.0,Heathrow,Tokyo
9.6,British Airways customer review,Business,Business Class,Jul,5.0,5.0,5.0,Boeing 767,5.0,Istambul,Heathrow
8.1,British Airways customer review,Business,Business Class,Jul,5.0,5.0,5.0,Boeing 767,5.0,Heathrow,Istanbul
1.1,British Airways customer review,Business,Business Class,Jul,1.0,1.0,2.0,A318,2.0,London,Faro
0.7,British Airways customer review,Couple Leisure,Business Class,Jul,1.0,4.0,2.0,Boeing 787-9,2.0,Verona,Gatwick
7.6,British Airways customer review,Solo Leisure,Economy Class,Jul,4.0,1.0,3.0,A319,4.0,Bari,Gatwick
7.5,British Airways customer review,Couple Leisure,Business Class,May,5.0,5.0,5.0,Boeing 777,4.0,Orlando,London
4.9,British Airways customer review,Business,Economy Class,Jul,1.0,3.0,4.0,A319,2.0,London,Newcastle
0.1,British Airways customer review,Solo Leisure,Economy Class,Jul,1.0,3.0,1.0,Boeing 777-200,2.0,Gatwick,Tampa International
3.0,British Airways customer review,Couple Leisure,Economy Class,Jul,4.0,1.0,3.0,Boeing 777-200,1.0,Heathrow,BOM
6.4,British Airways customer review,Solo Leisure,Economy Class,Jul,2.0,3.0,4.0,Boeing 777-300,3.0,London,Singapire
7.0,British Airways customer review,Family Leisure,Economy Class,Jul,4.0,4.0,4.0,Boeing 777-200,4.0,London,Kuala Lumpur
7.1,British Airways customer review,Solo Leisure,Economy Class,Jul,4.0,2.0,3.0,Boeing 777-200,3.0,ATL,Heathrow
6.1,British Airways customer review,Solo Leisure,Premium Economy,Jul,4.0,2.0,3.0,Boeing 767,4.0,Heathrow,Athens
8.6,British Airways customer review,Couple Leisure,Business Class,May,5.0,5.0,5.0,Boeing 777,4.0,Orlando,London
2.1,British Airways customer review,Business,Business Class,Jul,2.0,1.0,3.0,Boeing 777,1.0,Singapore,Sydney
6.3,British Airways customer review,Couple Leisure,First Class,Jul,4.0,5.0,4.0,Boeing 787-8,3.0,Heathrow,IAD
7.3,British Airways customer review,Couple Leisure,Business Class,Jul,4.0,5.0,4.0,Boeing 777-200,3.0,Heathrow,Kuala Lumpur
2.5,British Airways customer review,Solo Leisure,Economy Class,Jul,1.0,2.0,1.0,Boeing 747-400,3.0,Heathrow,Bangkok
4.3,British Airways customer review,Couple Leisure,Economy Class,Jul,2.0,3.0,4.0,Boeing 787-8,3.0,Heathrow,NCL
10.0,British Airways customer review,Solo Leisure,Business Class,Jun,5.0,5.0,5.0,Boeing 747-400,5.0,Heathrow,Chicago
10.0,British Airways customer review,Solo Leisure,First Class,Jul,5.0,5.0,5.0,Boeing 747-400,5.0,ORD,Heathrow
4.4,British Airways customer review,Solo Leisure,Business Class,Jul,2.0,3.0,3.0,Boeing 747,1.0,Vancouver Canada,London
1.5,British Airways customer review,Solo Leisure,Economy Class,Sep,1.0,5.0,5.0,A321,3.0,CAI,Heathrow
8.7,British Airways customer review,Family Leisure,Economy Class,Jun,3.0,5.0,4.0,Boeing 747-400,4.0,Heathrow,O.R. Tambo
4.0,British Airways customer review,Business,Economy Class,Jul,3.0,3.0,1.0,A321,4.0,Heathrow,Brussels
9.0,British Airways customer review,Solo Leisure,Business Class,Dec,5.0,5.0,5.0,A320,5.0,Tel Aviv,London LHR
8.1,British Airways customer review,Couple Leisure,Economy Class,May,4.0,5.0,5.0,A380,4.0,Heathrow,LAX
3.1,British Airways customer review,Business,Business Class,Jul,1.0,5.0,1.0,Boeing 747-400,4.0,London,Singapore
3.5,British Airways customer review,Solo Leisure,Economy Class,Jul,2.0,4.0,1.0,A320,1.0,Heathrow,Edinburgh
7.8,British Airways customer review,Couple Leisure,Business Class,Jun,4.0,4.0,4.0,A319,5.0,Gatwick,Dubrovnik
9.7,British Airways customer review,Family Leisure,Economy Class,May,5.0,5.0,4.0,A321,4.0,Heathrow,Hamburg 
0.5,British Airways customer review,Business,Economy Class,Jun,1.0,1.0,1.0,Boeing 747-400,1.0,Shanghai,Heathrow
8.5,British Airways customer review,Family Leisure,Business Class,Jun,1.0,5.0,5.0,A320,5.0,Helsinki,London
6.9,British Airways customer review,Couple Leisure,Premium Economy,May,4.0,5.0,3.0,Boeing 747-400,4.0,Chicago,London
3.2,British Airways customer review,Business,Business Class,Jul,1.0,4.0,3.0,Boeing 767,1.0,Istanbul,London
5.5,British Airways customer review,Business,Business Class,Jul,2.0,4.0,4.0,Boeing 777,3.0,Bangkok,London
2.4,British Airways customer review,Business,First Class,Jul,2.0,1.0,2.0,E170,1.0,Dublin,London
1.9,British Airways customer review,Business,Business Class,Jun,2.0,2.0,2.0,Boeing 777,2.0,Sydney,Singapore
1.0,British Airways customer review,Business,Business Class,Jul,1.0,3.0,1.0,Boeing 767,2.0,London,Istanbul
2.3,British Airways customer review,Business,Business Class,Jul,1.0,3.0,2.0,Boeing 747-400,2.0,Singapore,London
3.5,British Airways customer review,Family Leisure,Economy Class,Jun,3.0,2.0,1.0,Boeing 777-200ER,1.0,Gatwick,Orlando MCO
10.0,British Airways customer review,Solo Leisure,Business Class,Aug,5.0,5.0,5.0,A318,5.0,London,Shannon
0.1,British Airways customer review,Business,Economy Class,Jun,1.0,1.0,2.0,A320-200,1.0,Heathrow,Dubai
0.3,British Airways customer review,Family Leisure,Economy Class,Jun,1.0,2.0,1.0,Boeing 777,1.0,Gatwick,Orlando
10.0,British Airways customer review,Solo Leisure,Economy Class,Jul,3.0,5.0,5.0,A320,4.0,Heathrow,Warsaw
5.5,British Airways customer review,Family Leisure,Economy Class,Jul,2.0,1.0,3.0,A380,2.0,John F. Kennedy,Heathrow
1.7,British Airways customer review,Family Leisure,Economy Class,Jul,2.0,3.0,1.0,A321,1.0,Toronto,London
3.0,British Airways customer review,Solo Leisure,Economy Class,Jun,1.0,2.0,1.0,B777-300,1.0,Chicago,Heathrow
5.7,British Airways customer review,Solo Leisure,Business Class,Jul,3.0,3.0,4.0,Boeing 777-200,4.0,Heathrow,JFK  
0.8,British Airways customer review,Couple Leisure,Economy Class,Jun,4.0,3.0,1.0,Boeing 747-400,1.0,Heathrow,Ibiza
8.3,British Airways customer review,Solo Leisure,Economy Class,Jun,4.0,5.0,4.0,A380,3.0,London,Los Angesles
7.7,British Airways customer review,Family Leisure,Economy Class,Oct,4.0,4.0,4.0,Boeing 777-200,3.0,YUL,Heathrow
3.1,British Airways customer review,Couple Leisure,Premium Economy,Jun,3.0,2.0,3.0,Boeing 747-400,2.0,Washington DC,Heathrow
2.9,British Airways customer review,Solo Leisure,Economy Class,Jun,1.0,3.0,1.0,A320,2.0,Berlin,Heathrow
3.6,British Airways customer review,Couple Leisure,Economy Class,Nov,2.0,1.0,2.0,A380-800,1.0,Vienna,London
3.7,British Airways customer review,Couple Leisure,Economy Class,Nov,2.0,3.0,3.0,A319,3.0,London,Vienna
7.7,British Airways customer review,Solo Leisure,Business Class,Jun,4.0,5.0,4.0,A321,5.0,Heathrow,FCO
2.1,British Airways customer review,Couple Leisure,Business Class,Jun,2.0,5.0,2.0,Boeing 767,2.0,Heathrow,Nassau
7.0,British Airways customer review,Couple Leisure,Business Class,Jun,3.0,4.0,1.0,A320,5.0,Santorini,Heathrow
7.1,British Airways customer review,Solo Leisure,Economy Class,Jun,5.0,5.0,5.0,A319,3.0,Gatwick,Glasgow
4.1,British Airways customer review,Couple Leisure,Business Class,May,3.0,2.0,3.0,Airbus A380,2.0,London,Johannesburg
1.1,British Airways customer review,Couple Leisure,Economy Class,Jun,3.0,4.0,1.0,Boeing 737,3.0,Naples,Gatwick
7.4,British Airways customer review,Business,Business Class,May,2.0,5.0,4.0,A320,4.0,Geneva,London
2.8,British Airways customer review,Solo Leisure,Economy Class,Apr,1.0,4.0,4.0,B747-400,3.0,Vancouver,London
8.4,British Airways customer review,Business,Business Class,Jun,3.0,5.0,4.0,Boeing 777-200ER,5.0,Heathrow,LUX
2.0,British Airways customer review,Solo Leisure,First Class,Jun,3.0,3.0,1.0,A320,3.0,Heathrow,NCL
6.1,British Airways customer review,Couple Leisure,Business Class,Jun,2.0,4.0,4.0,A320,5.0,Heathrow,Santorini
10.0,British Airways customer review,Solo Leisure,First Class,Jun,4.0,5.0,5.0,B747-400,5.0,Heathrow,Miami
0.8,British Airways customer review,Couple Leisure,Economy Class,May,1.0,1.0,1.0,777-200,1.0,Bangkok,Heathrow
8.9,British Airways customer review,Business,Business Class,Jul,5.0,5.0,4.0,777,4.0,Buenos Aires,Heathrow
6.5,British Airways customer review,Couple Leisure,Business Class,Jun,3.0,5.0,4.0,A320,4.0,Heathrow,Suvarnabhumi
7.8,British Airways customer review,Solo Leisure,Economy Class,Jun,4.0,5.0,4.0,A320,4.0,Heathrow,Milan Malpensa
6.5,British Airways customer review,Solo Leisure,Business Class,Jun,4.0,3.0,3.0,boeing 787,3.0,Seoul,London
10.0,British Airways customer review,Couple Leisure,Economy Class,Jun,5.0,5.0,5.0,A380-800,5.0,London,Turkey
8.0,British Airways customer review,Solo Leisure,Economy Class,Jun,5.0,5.0,4.0,A380-800,3.0,Abu Dhabi,Muscat
5.8,British Airways customer review,Solo Leisure,Economy Class,May,3.0,4.0,4.0,B747-400,4.0,Heathrow,Toronto
8.7,British Airways customer review,Couple Leisure,Economy Class,Jun,3.0,5.0,4.0,A320,3.0,Gatwick,VCE
1.3,British Airways customer review,Business,Business Class,May,1.0,3.0,3.0,A321,2.0,Heathrow,SOF
